#OTU ID,AUG-002,AUG-003,AUG-004,AUG-006,AUG-007,AUG-008,DES-001,DES-005,DES-006,DES-007,DES-008,DES-009,DES-010,DES-011,DES-012,DES-013,WLT-011,WLT-014,WLT-015,WLT-016,WLT-018,WLT-020,WLT-022,WLT-023,WLT-027,WLT-031,WLT-032,WLT-033,WLT-034,WLT-035,WLT-036,taxonomy
6694a4bd8ad935d3d888bf6e3a100047,0.0,0.0,0.0,0.0,0.0,0.0,2.0,0.0,0.0,0.0,3.0,2.0,0.0,0.0,0.0,0.0,0.0,0.0,0.0,0.0,0.0,0.0,0.0,0.0,0.0,0.0,0.0,0.0,0.0,0.0,0.0,D_0__Bacteria; D_1__Cyanobacteria; D_2__Oxyphotobacteria; D_3__Nostocales; D_4__Xenococcaceae; D_5__Pleurocapsa PCC-7319
fdda293245fd0e8ac31995bfe5940e48,0.0,0.0,0.0,0.0,0.0,0.0,0.0,0.0,5.0,0.0,0.0,0.0,0.0,0.0,0.0,0.0,0.0,0.0,0.0,0.0,0.0,0.0,0.0,0.0,0.0,0.0,0.0,0.0,0.0,5.0,0.0,D_0__Bacteria; D_1__Cyanobacteria; D_2__Oxyphotobacteria; D_3__Leptolyngbyales; D_4__Leptolyngbyaceae; D_5__Chamaesiphon PCC-7430; D_6__uncultured bacterium
1b448a2223082a57d0cc8e8ad7d4a292,0.0,0.0,0.0,0.0,0.0,0.0,0.0,0.0,0.0,0.0,0.0,0.0,0.0,0.0,0.0,0.0,0.0,0.0,0.0,0.0,0.0,0.0,0.0,0.0,0.0,4.0,0.0,0.0,0.0,0.0,0.0,D_0__Bacteria; D_1__Cyanobacteria; D_2__Oxyphotobacteria; D_3__SepB-3; D_4__uncultured bacterium; D_5__uncultured bacterium; D_6__uncultured bacterium
1afd72c7a6600cf2a1e028baa30796d2,0.0,0.0,0.0,0.0,0.0,0.0,0.0,0.0,0.0,0.0,3.0,1.0,0.0,0.0,0.0,0.0,0.0,0.0,0.0,0.0,0.0,0.0,0.0,0.0,0.0,0.0,0.0,0.0,0.0,0.0,0.0,D_0__Bacteria; D_1__Cyanobacteria; D_2__Sericytochromatia; D_3__uncultured prokaryote; D_4__uncultured prokaryote; D_5__uncultured prokaryote; D_6__uncultured prokaryote
4fe0f784e3bb1afeb5c1f7a2e3e8bd5a,0.0,1.0,0.0,0.0,0.0,0.0,0.0,0.0,0.0,0.0,0.0,0.0,0.0,0.0,0.0,0.0,0.0,0.0,0.0,0.0,0.0,0.0,0.0,0.0,0.0,0.0,0.0,0.0,0.0,0.0,0.0,D_0__Bacteria; D_1__Cyanobacteria; D_2__Oxyphotobacteria; D_3__Synechococcales; D_4__Cyanobiaceae; D_5__Cyanobium PCC-6307
32c97229cff95b9de08f8799507a717a,0.0,0.0,0.0,0.0,0.0,0.0,2.0,0.0,0.0,0.0,1.0,0.0,0.0,0.0,0.0,0.0,0.0,0.0,0.0,0.0,0.0,0.0,0.0,0.0,0.0,0.0,0.0,0.0,5.0,1.0,0.0,D_0__Bacteria; D_1__Cyanobacteria; D_2__Oxyphotobacteria; D_3__Nostocales; D_4__Xenococcaceae; D_5__Pleurocapsa PCC-7319
f8bf80df564524c5ee15bef8f755c03d,0.0,0.0,0.0,0.0,2.0,0.0,0.0,0.0,0.0,0.0,0.0,0.0,0.0,0.0,0.0,0.0,0.0,16.0,6.0,0.0,0.0,0.0,3.0,10.0,0.0,0.0,0.0,0.0,1.0,0.0,0.0,D_0__Bacteria; D_1__Cyanobacteria; D_2__Oxyphotobacteria; D_3__Leptolyngbyales; D_4__Leptolyngbyaceae; D_5__Chamaesiphon PCC-7430
a0706ffacb375b7c09f5d69625debe4d,0.0,0.0,0.0,0.0,0.0,0.0,0.0,3.0,0.0,0.0,0.0,0.0,0.0,0.0,0.0,0.0,0.0,0.0,0.0,0.0,0.0,0.0,0.0,0.0,0.0,0.0,0.0,0.0,0.0,0.0,0.0,D_0__Bacteria; D_1__Cyanobacteria; D_2__Oxyphotobacteria; D_3__Nostocales; D_4__Oscillatoriaceae; D_5__Planktothricoides SR001
bae4298e5db147554f071ff15b73ae91,0.0,0.0,0.0,0.0,0.0,0.0,3.0,0.0,0.0,0.0,0.0,0.0,0.0,0.0,0.0,0.0,0.0,8.0,0.0,0.0,0.0,0.0,0.0,0.0,0.0,0.0,0.0,0.0,0.0,0.0,0.0,D_0__Bacteria; D_1__Cyanobacteria; D_2__Oxyphotobacteria; D_3__Oxyphotobacteria Incertae Sedis; D_4__Unknown Family; D_5__Calothrix KVSF5; D_6__uncultured bacterium
f563d618b1c45b18184df1a5897e0aed,0.0,0.0,0.0,0.0,0.0,0.0,4.0,0.0,0.0,3.0,3.0,0.0,0.0,0.0,0.0,0.0,0.0,0.0,0.0,0.0,0.0,0.0,0.0,0.0,0.0,0.0,0.0,0.0,0.0,0.0,4.0,D_0__Bacteria; D_1__Cyanobacteria; D_2__Oxyphotobacteria; D_3__Oxyphotobacteria Incertae Sedis; D_4__Unknown Family; D_5__Calothrix KVSF5; D_6__uncultured bacterium
1241ad0f1742ecc750f1e37c454c5581,0.0,0.0,0.0,0.0,0.0,0.0,0.0,0.0,0.0,0.0,1.0,0.0,0.0,0.0,0.0,0.0,0.0,0.0,0.0,0.0,0.0,0.0,0.0,0.0,0.0,0.0,0.0,0.0,0.0,2.0,0.0,D_0__Bacteria; D_1__Cyanobacteria; D_2__Oxyphotobacteria; D_3__Nostocales; D_4__Nostocaceae; D_5__Nostoc PCC-73102
5108b937c05a9ccea7d7d91fef6642de,0.0,0.0,0.0,0.0,0.0,0.0,0.0,0.0,0.0,0.0,0.0,0.0,0.0,0.0,0.0,0.0,0.0,0.0,0.0,0.0,0.0,0.0,6.0,1.0,0.0,0.0,0.0,0.0,0.0,0.0,0.0,D_0__Bacteria; D_1__Cyanobacteria; D_2__Melainabacteria; D_3__Vampirovibrionales; D_4__uncultured cyanobacterium; D_5__uncultured cyanobacterium; D_6__uncultured cyanobacterium
601a1a2d867ad3febd3c7ab2badfddf1,3.0,29.0,0.0,0.0,0.0,0.0,0.0,0.0,0.0,0.0,0.0,0.0,0.0,0.0,0.0,0.0,1.0,0.0,0.0,1.0,0.0,0.0,0.0,0.0,0.0,0.0,0.0,0.0,0.0,0.0,0.0,D_0__Bacteria; D_1__Cyanobacteria; D_2__Oxyphotobacteria; D_3__Pseudanabaenales; D_4__Pseudanabaenaceae; D_5__Pseudanabaena PCC-7429; D_6__Pseudanabaena galeata CHAB732
24a2d3719f5626ce901ac7e8e95aa036,0.0,0.0,0.0,0.0,0.0,0.0,0.0,0.0,0.0,0.0,0.0,0.0,0.0,5.0,0.0,0.0,0.0,0.0,0.0,0.0,0.0,0.0,0.0,0.0,0.0,0.0,0.0,0.0,0.0,0.0,0.0,D_0__Bacteria; D_1__Cyanobacteria; D_2__Oxyphotobacteria; D_3__Nostocales; D_4__Nostocaceae; D_5__Aphanizomenon NIES81
2ce09fd3b1e9fa891c7f0957337fb7eb,0.0,0.0,0.0,0.0,0.0,0.0,3.0,0.0,0.0,0.0,0.0,0.0,0.0,0.0,0.0,0.0,0.0,0.0,0.0,0.0,0.0,0.0,0.0,0.0,0.0,0.0,0.0,0.0,0.0,0.0,0.0,D_0__Bacteria; D_1__Cyanobacteria; D_2__Oxyphotobacteria; D_3__Synechococcales; D_4__Cyanobiaceae; D_5__Cyanobium PCC-6307
29739f41bd8f61d550ee872c144e8a70,0.0,0.0,0.0,0.0,0.0,0.0,0.0,0.0,0.0,0.0,0.0,0.0,0.0,0.0,0.0,0.0,0.0,0.0,0.0,0.0,0.0,0.0,0.0,0.0,9.0,0.0,0.0,0.0,0.0,0.0,0.0,D_0__Bacteria; D_1__Cyanobacteria; D_2__Oxyphotobacteria; D_3__Nostocales; D_4__Xenococcaceae; D_5__Pleurocapsa PCC-7319
7ce9e4f259db2c94136e470eb8ccfabd,0.0,0.0,0.0,0.0,5.0,0.0,0.0,0.0,0.0,0.0,0.0,0.0,0.0,0.0,0.0,0.0,0.0,6.0,9.0,3.0,0.0,0.0,0.0,0.0,0.0,0.0,0.0,0.0,0.0,0.0,0.0,D_0__Bacteria; D_1__Cyanobacteria; D_2__Oxyphotobacteria; D_3__Oxyphotobacteria Incertae Sedis; D_4__Unknown Family; D_5__Calothrix KVSF5; D_6__uncultured bacterium
eb96d3a3bbcdd829a48a49f77de2f98f,0.0,0.0,0.0,0.0,0.0,0.0,0.0,0.0,2.0,0.0,0.0,0.0,0.0,0.0,0.0,0.0,0.0,0.0,0.0,0.0,0.0,0.0,0.0,0.0,0.0,0.0,0.0,0.0,0.0,0.0,0.0,D_0__Bacteria; D_1__Cyanobacteria; D_2__Oxyphotobacteria; D_3__Nostocales; D_4__Nostocaceae; D_5__Nostoc PCC-73102
f2b6b3a47a58b4765bd0ccadc9605f74,0.0,0.0,0.0,0.0,0.0,0.0,0.0,0.0,0.0,0.0,0.0,0.0,0.0,0.0,0.0,0.0,0.0,0.0,0.0,0.0,0.0,0.0,0.0,0.0,0.0,0.0,0.0,0.0,0.0,2.0,0.0,D_0__Bacteria; D_1__Cyanobacteria; D_2__Oxyphotobacteria; D_3__Nostocales; D_4__Nostocaceae
58c9d6a5fe1745bdbcbbbd09a1c97e44,3.0,0.0,0.0,0.0,0.0,0.0,0.0,0.0,0.0,0.0,0.0,0.0,0.0,0.0,0.0,0.0,0.0,0.0,0.0,0.0,0.0,0.0,0.0,0.0,0.0,0.0,0.0,0.0,0.0,0.0,0.0,D_0__Bacteria; D_1__Cyanobacteria; D_2__Oxyphotobacteria; D_3__Leptolyngbyales; D_4__Leptolyngbyaceae; D_5__uncultured; D_6__uncultured bacterium
6747571d9b886832912e34d246459ee5,0.0,0.0,0.0,0.0,0.0,0.0,0.0,0.0,0.0,0.0,0.0,0.0,0.0,0.0,0.0,0.0,0.0,0.0,0.0,0.0,0.0,0.0,0.0,0.0,0.0,0.0,0.0,0.0,0.0,0.0,1.0,D_0__Bacteria; D_1__Cyanobacteria; D_2__Oxyphotobacteria; D_3__Nostocales; D_4__Nostocaceae; D_5__Calothrix PCC-6303; D_6__cf. Calothrix sp. 'muscicolous cyanobiont 5'
495619e6c51e1e0955975577268afaf7,0.0,0.0,0.0,0.0,0.0,0.0,0.0,0.0,0.0,0.0,1.0,0.0,0.0,0.0,0.0,0.0,0.0,0.0,0.0,0.0,0.0,0.0,0.0,0.0,0.0,0.0,0.0,0.0,0.0,0.0,0.0,D_0__Bacteria; D_1__Cyanobacteria; D_2__Melainabacteria; D_3__Obscuribacterales; D_4__metagenome; D_5__metagenome; D_6__metagenome
e940d5b69ca476a9bd60c8974a21137f,0.0,0.0,0.0,0.0,0.0,0.0,0.0,0.0,0.0,0.0,0.0,0.0,0.0,0.0,0.0,0.0,0.0,0.0,0.0,0.0,0.0,0.0,0.0,0.0,0.0,0.0,3.0,0.0,0.0,0.0,0.0,D_0__Bacteria; D_1__Cyanobacteria; D_2__Oxyphotobacteria; D_3__Pseudanabaenales; D_4__Pseudanabaenaceae; D_5__Pseudanabaena PCC-7403; D_6__Phormidium mucicola IAM M-221
969087e951cb6d2b32ba3190cf416562,0.0,0.0,0.0,0.0,0.0,0.0,0.0,0.0,0.0,0.0,0.0,0.0,0.0,0.0,0.0,0.0,0.0,0.0,0.0,0.0,0.0,2.0,0.0,0.0,0.0,0.0,0.0,0.0,0.0,0.0,0.0,D_0__Bacteria; D_1__Cyanobacteria; D_2__Oxyphotobacteria; D_3__Oxyphotobacteria Incertae Sedis; D_4__Unknown Family; D_5__Calothrix KVSF5; D_6__uncultured bacterium
aa998f1a7d097568ef89bac393de45b6,0.0,0.0,0.0,0.0,0.0,0.0,0.0,0.0,0.0,0.0,0.0,0.0,0.0,0.0,0.0,0.0,0.0,0.0,0.0,0.0,0.0,0.0,0.0,0.0,0.0,3.0,0.0,0.0,0.0,0.0,0.0,D_0__Bacteria; D_1__Cyanobacteria; D_2__Oxyphotobacteria; D_3__Nostocales; D_4__Nostocaceae; D_5__Calothrix PCC-6303; D_6__uncultured bacterium
47f5ba57372bab574a7ed0bba79fccf5,0.0,0.0,0.0,0.0,0.0,0.0,1.0,0.0,0.0,0.0,0.0,0.0,0.0,0.0,0.0,0.0,0.0,0.0,0.0,0.0,0.0,0.0,0.0,0.0,0.0,0.0,0.0,0.0,0.0,0.0,0.0,D_0__Bacteria; D_1__Cyanobacteria; D_2__Oxyphotobacteria; D_3__Leptolyngbyales; D_4__Leptolyngbyaceae; D_5__Chamaesiphon PCC-7430; D_6__uncultured bacterium
113ea0d9a4d6d3e459760656562b5ddd,0.0,0.0,8.0,0.0,0.0,0.0,0.0,0.0,0.0,0.0,0.0,0.0,2.0,0.0,0.0,0.0,0.0,0.0,0.0,0.0,0.0,0.0,0.0,0.0,0.0,0.0,0.0,0.0,0.0,0.0,0.0,D_0__Bacteria; D_1__Cyanobacteria; D_2__Oxyphotobacteria; D_3__Nostocales; D_4__Nostocaceae; D_5__Aphanizomenon NIES81
45a6d4f6f73bedc63f415af59f4b24ee,0.0,0.0,0.0,0.0,0.0,0.0,0.0,0.0,0.0,0.0,0.0,0.0,0.0,0.0,0.0,0.0,0.0,0.0,0.0,0.0,0.0,0.0,0.0,0.0,0.0,0.0,0.0,0.0,4.0,0.0,0.0,D_0__Bacteria; D_1__Cyanobacteria; D_2__Oxyphotobacteria; D_3__Leptolyngbyales; D_4__Leptolyngbyaceae; D_5__Chamaesiphon PCC-7430; D_6__uncultured bacterium
ca52890c9c160d862c31b206c6c53996,0.0,0.0,0.0,0.0,0.0,0.0,0.0,0.0,0.0,0.0,0.0,0.0,0.0,0.0,0.0,0.0,0.0,0.0,0.0,0.0,0.0,0.0,0.0,0.0,0.0,0.0,5.0,0.0,0.0,0.0,0.0,D_0__Bacteria; D_1__Cyanobacteria; D_2__Sericytochromatia; D_3__Hyaloperonospora arabidopsidis; D_4__Hyaloperonospora arabidopsidis; D_5__Hyaloperonospora arabidopsidis; D_6__Hyaloperonospora arabidopsidis
be2865b5ba080efc665ec8c4d987551b,0.0,0.0,0.0,0.0,0.0,0.0,0.0,0.0,1.0,0.0,0.0,0.0,0.0,0.0,0.0,0.0,0.0,0.0,0.0,0.0,0.0,0.0,0.0,0.0,0.0,0.0,0.0,0.0,0.0,0.0,0.0,D_0__Bacteria; D_1__Cyanobacteria; D_2__Oxyphotobacteria; D_3__Oxyphotobacteria Incertae Sedis; D_4__Unknown Family; D_5__Calothrix KVSF5; D_6__uncultured bacterium
a258020f7a40c162f853f8fac6cf7e26,0.0,0.0,0.0,0.0,0.0,0.0,0.0,0.0,0.0,0.0,0.0,0.0,0.0,0.0,0.0,0.0,1.0,0.0,0.0,0.0,0.0,0.0,0.0,0.0,0.0,0.0,0.0,0.0,0.0,0.0,0.0,D_0__Bacteria; D_1__Cyanobacteria; D_2__Oxyphotobacteria; D_3__Leptolyngbyales; D_4__Leptolyngbyaceae; D_5__uncultured; D_6__uncultured bacterium
9ea3c9429d74e9c4d1dcf11c98ebcf38,0.0,0.0,0.0,0.0,0.0,0.0,0.0,0.0,0.0,0.0,0.0,0.0,0.0,0.0,0.0,0.0,0.0,0.0,0.0,0.0,0.0,0.0,0.0,0.0,0.0,0.0,0.0,0.0,0.0,1.0,0.0,D_0__Bacteria; D_1__Cyanobacteria; D_2__Melainabacteria; D_3__Gastranaerophilales; D_4__uncultured bacterium; D_5__uncultured bacterium; D_6__uncultured bacterium
7c996d0eb627dd163636976055a4c6e0,0.0,0.0,0.0,0.0,0.0,0.0,0.0,0.0,0.0,0.0,0.0,0.0,0.0,0.0,0.0,0.0,0.0,0.0,0.0,0.0,0.0,0.0,0.0,0.0,9.0,0.0,0.0,0.0,0.0,0.0,0.0,D_0__Bacteria; D_1__Cyanobacteria; D_2__Melainabacteria; D_3__Vampirovibrionales; D_4__uncultured bacterium; D_5__uncultured bacterium; D_6__uncultured bacterium
6b5e4f6b45daaa42fd39dfe23d32a311,0.0,0.0,0.0,0.0,0.0,0.0,0.0,2.0,0.0,0.0,0.0,0.0,0.0,0.0,0.0,0.0,0.0,0.0,0.0,0.0,0.0,0.0,0.0,0.0,0.0,0.0,0.0,0.0,0.0,0.0,0.0,D_0__Bacteria; D_1__Cyanobacteria; D_2__Oxyphotobacteria
4917aac33a81cd79c4f602577f9d65e7,0.0,0.0,0.0,0.0,0.0,0.0,0.0,0.0,0.0,0.0,0.0,0.0,0.0,0.0,0.0,0.0,0.0,0.0,3.0,0.0,0.0,0.0,0.0,1.0,0.0,0.0,0.0,0.0,0.0,0.0,0.0,D_0__Bacteria; D_1__Cyanobacteria; D_2__Oxyphotobacteria; D_3__Leptolyngbyales; D_4__Leptolyngbyaceae; D_5__uncultured
2663d32f24f6178b4bb324ca82f8b41d,0.0,0.0,0.0,0.0,0.0,0.0,0.0,0.0,0.0,0.0,0.0,0.0,0.0,0.0,0.0,0.0,0.0,4.0,0.0,0.0,0.0,0.0,0.0,0.0,0.0,0.0,0.0,0.0,0.0,0.0,0.0,D_0__Bacteria; D_1__Cyanobacteria; D_2__Oxyphotobacteria; D_3__SepB-3
26b2f3548c7b7c3ef91b7ad1ae8916a8,0.0,0.0,0.0,0.0,0.0,0.0,0.0,0.0,0.0,0.0,0.0,0.0,0.0,0.0,0.0,0.0,0.0,0.0,0.0,0.0,0.0,0.0,0.0,0.0,0.0,0.0,2.0,0.0,0.0,0.0,0.0,D_0__Bacteria; D_1__Cyanobacteria; D_2__Oxyphotobacteria; D_3__Thermosynechococcales; D_4__Thermosynechococcaceae; D_5__Cyanothece PCC 7425; D_6__Aphanocapsa muscicola VP3-03
010d6f3e4a6a278a8ab1294d9610d3a2,0.0,0.0,0.0,0.0,0.0,0.0,2.0,0.0,1.0,0.0,1.0,2.0,0.0,0.0,1.0,0.0,1.0,0.0,0.0,0.0,0.0,0.0,0.0,0.0,2.0,0.0,0.0,0.0,1.0,0.0,0.0,D_0__Bacteria; D_1__Cyanobacteria; D_2__Oxyphotobacteria
e9e2afb451bdd7123c6a85d27e20b055,0.0,0.0,0.0,0.0,0.0,0.0,3.0,0.0,0.0,0.0,3.0,2.0,0.0,0.0,5.0,0.0,0.0,0.0,0.0,0.0,0.0,0.0,0.0,0.0,0.0,0.0,0.0,0.0,0.0,0.0,0.0,D_0__Bacteria; D_1__Cyanobacteria; D_2__Oxyphotobacteria; D_3__Leptolyngbyales; D_4__Leptolyngbyaceae; D_5__Chamaesiphon PCC-7430; D_6__uncultured bacterium
ec42a760137a6218778705a6b41cc85e,1.0,0.0,0.0,0.0,0.0,0.0,0.0,0.0,0.0,0.0,0.0,0.0,0.0,0.0,0.0,0.0,0.0,0.0,0.0,0.0,0.0,0.0,1.0,0.0,0.0,0.0,0.0,0.0,0.0,0.0,0.0,D_0__Bacteria; D_1__Cyanobacteria; D_2__Oxyphotobacteria; D_3__Synechococcales; D_4__Synechococcales Incertae Sedis; D_5__Schizothrix LEGE 07164; D_6__uncultured bacterium
51af2c92d5b41fee1ef860eb59eee9d7,0.0,0.0,0.0,0.0,0.0,0.0,0.0,0.0,0.0,0.0,0.0,0.0,0.0,0.0,0.0,0.0,3.0,0.0,0.0,0.0,0.0,0.0,0.0,0.0,0.0,0.0,0.0,0.0,0.0,0.0,0.0,D_0__Bacteria; D_1__Cyanobacteria; D_2__Oxyphotobacteria; D_3__Synechococcales; D_4__Cyanobiaceae; D_5__Cyanobium PCC-6307; D_6__uncultured bacterium
db9665c78a177e82ec7bd65565f0766c,0.0,0.0,0.0,0.0,0.0,0.0,0.0,0.0,0.0,0.0,0.0,0.0,0.0,0.0,0.0,0.0,0.0,0.0,0.0,0.0,0.0,0.0,0.0,0.0,0.0,0.0,8.0,0.0,0.0,0.0,0.0,D_0__Bacteria; D_1__Cyanobacteria; D_2__Oxyphotobacteria; D_3__Leptolyngbyales; D_4__Leptolyngbyaceae; D_5__Chamaesiphon PCC-7430; D_6__uncultured bacterium
43d404b4433d2e5d56bcf37c5c682c70,0.0,0.0,0.0,0.0,0.0,0.0,0.0,0.0,0.0,0.0,0.0,0.0,0.0,0.0,0.0,0.0,0.0,0.0,0.0,0.0,0.0,0.0,0.0,0.0,0.0,0.0,0.0,0.0,0.0,0.0,5.0,D_0__Bacteria; D_1__Cyanobacteria; D_2__Oxyphotobacteria; D_3__Leptolyngbyales; D_4__Leptolyngbyaceae; D_5__uncultured; D_6__uncultured cyanobacterium
1ac5483469a01c26d12257acdb7736cd,0.0,0.0,0.0,0.0,0.0,0.0,1.0,0.0,0.0,0.0,0.0,0.0,0.0,0.0,0.0,0.0,0.0,0.0,0.0,0.0,0.0,0.0,0.0,0.0,0.0,0.0,0.0,0.0,0.0,0.0,0.0,D_0__Bacteria; D_1__Cyanobacteria; D_2__Sericytochromatia; D_3__metagenome; D_4__metagenome; D_5__metagenome; D_6__metagenome
688f8d615ed7c7aa8bd57d352064c2f0,0.0,0.0,0.0,18.0,0.0,0.0,0.0,0.0,0.0,0.0,0.0,0.0,0.0,0.0,0.0,0.0,0.0,0.0,0.0,0.0,0.0,0.0,0.0,0.0,0.0,0.0,0.0,0.0,0.0,0.0,0.0,D_0__Bacteria; D_1__Cyanobacteria; D_2__Oxyphotobacteria; D_3__Nostocales; D_4__Nostocaceae; D_5__Dolichospermum NIES41
c8ef89597dfdf3e13cace879b44ba70a,0.0,0.0,0.0,0.0,3.0,0.0,1.0,0.0,1.0,0.0,3.0,0.0,0.0,3.0,5.0,0.0,0.0,0.0,6.0,0.0,0.0,0.0,0.0,4.0,0.0,0.0,0.0,0.0,0.0,0.0,5.0,D_0__Bacteria; D_1__Cyanobacteria; D_2__Oxyphotobacteria; D_3__Oxyphotobacteria Incertae Sedis; D_4__Unknown Family; D_5__Calothrix KVSF5; D_6__uncultured bacterium
93bfee52ef39f44e5151f75e371ec067,0.0,0.0,0.0,0.0,0.0,0.0,0.0,0.0,0.0,0.0,0.0,0.0,0.0,0.0,0.0,0.0,0.0,0.0,0.0,0.0,0.0,0.0,0.0,0.0,0.0,0.0,0.0,0.0,0.0,0.0,2.0,D_0__Bacteria; D_1__Cyanobacteria; D_2__Melainabacteria; D_3__Vampirovibrionales
1b9bc3fe984ec89289cffb01a3a3e8a5,6.0,9.0,0.0,0.0,0.0,9.0,1.0,0.0,0.0,0.0,0.0,0.0,0.0,0.0,0.0,0.0,1.0,0.0,0.0,9.0,8.0,0.0,0.0,0.0,0.0,0.0,0.0,0.0,0.0,0.0,0.0,D_0__Bacteria; D_1__Cyanobacteria; D_2__Oxyphotobacteria; D_3__Synechococcales; D_4__Cyanobiaceae; D_5__Cyanobium PCC-6307
162accd0f82b05345fa43019bb8cee4c,0.0,0.0,0.0,0.0,0.0,0.0,1.0,0.0,0.0,0.0,0.0,0.0,0.0,0.0,0.0,0.0,0.0,0.0,0.0,0.0,0.0,0.0,0.0,0.0,0.0,0.0,0.0,0.0,1.0,0.0,0.0,D_0__Bacteria; D_1__Cyanobacteria; D_2__Oxyphotobacteria; D_3__Leptolyngbyales; D_4__Leptolyngbyaceae; D_5__Chamaesiphon PCC-7430; D_6__uncultured bacterium
2faec40cdf2f571940b36736d72e20e9,0.0,0.0,0.0,0.0,0.0,0.0,0.0,0.0,0.0,0.0,0.0,0.0,0.0,0.0,0.0,0.0,0.0,0.0,0.0,0.0,0.0,0.0,0.0,0.0,0.0,0.0,0.0,0.0,2.0,0.0,0.0,D_0__Bacteria; D_1__Cyanobacteria; D_2__Oxyphotobacteria; D_3__Leptolyngbyales; D_4__Leptolyngbyaceae; D_5__uncultured; D_6__uncultured bacterium
13e5151e9474273ad39642e13e287e0a,0.0,0.0,0.0,0.0,0.0,0.0,0.0,0.0,0.0,0.0,0.0,0.0,0.0,0.0,0.0,0.0,0.0,0.0,0.0,0.0,0.0,0.0,0.0,0.0,6.0,0.0,0.0,0.0,0.0,0.0,0.0,D_0__Bacteria; D_1__Cyanobacteria; D_2__Oxyphotobacteria; D_3__Leptolyngbyales; D_4__Leptolyngbyaceae; D_5__Chamaesiphon PCC-7430; D_6__uncultured bacterium
623f059f94d05f5335ae3afee247d598,0.0,0.0,0.0,0.0,2.0,0.0,1.0,0.0,0.0,0.0,0.0,0.0,0.0,0.0,0.0,0.0,0.0,0.0,0.0,0.0,0.0,0.0,0.0,0.0,0.0,0.0,0.0,2.0,0.0,0.0,4.0,D_0__Bacteria; D_1__Cyanobacteria; D_2__Oxyphotobacteria; D_3__SepB-3; D_4__uncultured bacterium; D_5__uncultured bacterium; D_6__uncultured bacterium
2a4e8c5c2d9ffd70f271583b796168df,7.0,0.0,0.0,0.0,0.0,0.0,0.0,0.0,0.0,14.0,0.0,0.0,5.0,0.0,0.0,0.0,6.0,0.0,0.0,9.0,7.0,0.0,0.0,0.0,0.0,0.0,0.0,0.0,0.0,0.0,0.0,D_0__Bacteria; D_1__Cyanobacteria; D_2__Oxyphotobacteria; D_3__Nostocales; D_4__Nostocaceae; D_5__Aphanizomenon NIES81; D_6__uncultured cyanobacterium
db814ca9dec8c7c4832b016213446b88,0.0,0.0,0.0,0.0,0.0,0.0,0.0,0.0,3.0,0.0,0.0,0.0,0.0,0.0,0.0,0.0,0.0,0.0,0.0,0.0,0.0,3.0,5.0,0.0,0.0,0.0,0.0,0.0,0.0,0.0,0.0,D_0__Bacteria; D_1__Cyanobacteria; D_2__Oxyphotobacteria; D_3__Leptolyngbyales; D_4__Leptolyngbyaceae; D_5__uncultured; D_6__uncultured Oscillatoriales cyanobacterium
7fb5a36541cfcf1a186efa5a8f707d67,0.0,0.0,0.0,0.0,0.0,0.0,0.0,0.0,5.0,0.0,0.0,0.0,0.0,0.0,0.0,0.0,0.0,0.0,0.0,0.0,0.0,0.0,0.0,0.0,0.0,0.0,0.0,0.0,0.0,0.0,0.0,D_0__Bacteria; D_1__Cyanobacteria; D_2__Oxyphotobacteria; D_3__Leptolyngbyales; D_4__Leptolyngbyaceae; D_5__uncultured; D_6__uncultured cyanobacterium
68318d14a144c71f5c489383daa8f249,0.0,1.0,0.0,0.0,0.0,0.0,0.0,0.0,0.0,0.0,1.0,3.0,0.0,2.0,3.0,0.0,2.0,0.0,0.0,0.0,0.0,0.0,0.0,0.0,0.0,0.0,0.0,0.0,0.0,2.0,0.0,D_0__Bacteria; D_1__Cyanobacteria; D_2__Oxyphotobacteria; D_3__Oxyphotobacteria Incertae Sedis; D_4__Unknown Family; D_5__Calothrix KVSF5; D_6__uncultured bacterium
68614a11c61fa59246feb9a6cdbb8e94,0.0,0.0,0.0,0.0,0.0,1.0,0.0,0.0,0.0,0.0,0.0,0.0,0.0,0.0,0.0,0.0,0.0,0.0,0.0,0.0,0.0,0.0,0.0,0.0,0.0,0.0,0.0,0.0,0.0,0.0,0.0,D_0__Bacteria; D_1__Cyanobacteria; D_2__Oxyphotobacteria; D_3__Synechococcales; D_4__Cyanobiaceae; D_5__Cyanobium PCC-6307
8685e0c702034b8d77cb71002208a720,0.0,0.0,0.0,0.0,3.0,0.0,1.0,0.0,2.0,0.0,0.0,1.0,0.0,5.0,1.0,0.0,1.0,0.0,0.0,0.0,3.0,0.0,0.0,0.0,0.0,0.0,0.0,0.0,1.0,2.0,0.0,D_0__Bacteria; D_1__Cyanobacteria; D_2__Oxyphotobacteria; D_3__Leptolyngbyales; D_4__Leptolyngbyaceae; D_5__uncultured; D_6__uncultured cyanobacterium
89a3e18954a22151d02b5d95674cdb70,0.0,0.0,0.0,0.0,0.0,0.0,0.0,0.0,0.0,0.0,0.0,0.0,0.0,0.0,0.0,0.0,0.0,0.0,0.0,0.0,0.0,1.0,0.0,0.0,0.0,0.0,0.0,0.0,1.0,0.0,0.0,D_0__Bacteria; D_1__Cyanobacteria; D_2__Melainabacteria; D_3__Vampirovibrionales; D_4__uncultured bacterium; D_5__uncultured bacterium; D_6__uncultured bacterium
6b83d77be6b18e0061c2600821d956e7,0.0,0.0,0.0,0.0,0.0,0.0,1.0,0.0,0.0,0.0,0.0,0.0,0.0,0.0,0.0,0.0,0.0,0.0,0.0,0.0,0.0,0.0,0.0,0.0,0.0,0.0,3.0,0.0,0.0,0.0,0.0,D_0__Bacteria; D_1__Cyanobacteria; D_2__Oxyphotobacteria; D_3__Nostocales; D_4__Coleofasciculaceae
892d046a3f032c3359ef638d425f7724,0.0,0.0,3.0,0.0,0.0,0.0,0.0,0.0,0.0,0.0,0.0,0.0,1.0,0.0,0.0,0.0,5.0,0.0,0.0,0.0,0.0,0.0,0.0,0.0,0.0,0.0,0.0,0.0,0.0,0.0,0.0,D_0__Bacteria; D_1__Cyanobacteria; D_2__Oxyphotobacteria; D_3__Synechococcales; D_4__Cyanobiaceae; D_5__Cyanobium PCC-6307
c55891ebec2c415285709d61f0366783,0.0,0.0,0.0,0.0,2.0,0.0,0.0,0.0,0.0,0.0,0.0,0.0,0.0,0.0,0.0,0.0,0.0,0.0,0.0,0.0,0.0,0.0,0.0,0.0,0.0,0.0,0.0,0.0,0.0,0.0,0.0,D_0__Bacteria; D_1__Cyanobacteria; D_2__Oxyphotobacteria; D_3__Oxyphotobacteria Incertae Sedis; D_4__Unknown Family; D_5__Calothrix KVSF5; D_6__uncultured bacterium
1082aba3055653461a62ba224ddd2698,0.0,0.0,0.0,0.0,0.0,0.0,0.0,0.0,3.0,0.0,4.0,0.0,0.0,0.0,0.0,0.0,0.0,0.0,0.0,0.0,0.0,0.0,0.0,0.0,0.0,0.0,0.0,0.0,4.0,1.0,0.0,D_0__Bacteria; D_1__Cyanobacteria; D_2__Oxyphotobacteria; D_3__Oxyphotobacteria Incertae Sedis; D_4__Unknown Family; D_5__Calothrix KVSF5; D_6__uncultured bacterium
fb45980caa03ce2615af61dedfe21be1,0.0,0.0,0.0,0.0,0.0,0.0,0.0,0.0,0.0,0.0,0.0,0.0,0.0,0.0,2.0,0.0,0.0,0.0,0.0,0.0,0.0,0.0,0.0,0.0,2.0,0.0,0.0,0.0,0.0,0.0,4.0,D_0__Bacteria; D_1__Cyanobacteria; D_2__Melainabacteria; D_3__Vampirovibrionales; D_4__uncultured bacterium; D_5__uncultured bacterium; D_6__uncultured bacterium
fb2b00a8282741f54559c37f4ce69e20,0.0,0.0,0.0,0.0,0.0,2.0,0.0,0.0,0.0,0.0,0.0,0.0,5.0,0.0,0.0,0.0,0.0,0.0,0.0,0.0,0.0,0.0,0.0,0.0,0.0,0.0,0.0,0.0,0.0,0.0,0.0,D_0__Bacteria; D_1__Cyanobacteria; D_2__Oxyphotobacteria; D_3__Synechococcales; D_4__Cyanobiaceae; D_5__Cyanobium PCC-6307
58c0c89af44eda4bb63b81c40336cf96,0.0,0.0,0.0,0.0,0.0,0.0,0.0,0.0,0.0,0.0,0.0,0.0,0.0,0.0,0.0,0.0,0.0,0.0,0.0,0.0,0.0,0.0,0.0,0.0,0.0,0.0,0.0,0.0,0.0,1.0,0.0,D_0__Bacteria; D_1__Cyanobacteria; D_2__Oxyphotobacteria; D_3__Nostocales; D_4__Nostocaceae; D_5__Calothrix PCC-6303; D_6__cf. Calothrix sp. 'muscicolous cyanobiont 5'
cf306b3fcdfb7243dce59637e59aa855,0.0,0.0,0.0,0.0,0.0,0.0,1.0,0.0,0.0,0.0,0.0,0.0,1.0,0.0,0.0,0.0,0.0,0.0,0.0,0.0,0.0,0.0,0.0,0.0,0.0,0.0,0.0,0.0,0.0,4.0,0.0,D_0__Bacteria; D_1__Cyanobacteria; D_2__Oxyphotobacteria; D_3__Nostocales; D_4__Nostocaceae; D_5__Aphanizomenon NIES81; D_6__Dolichospermum lemmermannii 'BC Ana 0005'
de74896083ece18e7549daa6bd59f96e,0.0,0.0,0.0,0.0,3.0,0.0,0.0,0.0,0.0,0.0,0.0,0.0,0.0,0.0,0.0,0.0,1.0,0.0,0.0,0.0,0.0,0.0,0.0,0.0,0.0,0.0,0.0,0.0,0.0,0.0,0.0,D_0__Bacteria; D_1__Cyanobacteria; D_2__Oxyphotobacteria; D_3__Synechococcales; D_4__Cyanobiaceae; D_5__Cyanobium PCC-6307; D_6__Cyanobium sp. JJR2A5
3d9400b15c216dd83af843611ca8b678,0.0,0.0,0.0,0.0,0.0,0.0,0.0,0.0,0.0,0.0,0.0,0.0,0.0,0.0,0.0,0.0,0.0,0.0,0.0,0.0,0.0,1.0,0.0,0.0,0.0,0.0,0.0,0.0,0.0,0.0,0.0,D_0__Bacteria; D_1__Cyanobacteria; D_2__Oxyphotobacteria; D_3__Nostocales; D_4__Microcystaceae; D_5__SU2 symbiont group; D_6__cyanobacterium endosymbiont of Epithemia turgida
f129c714a6cafe176cb9568355d03099,0.0,0.0,0.0,3.0,0.0,0.0,1.0,0.0,0.0,0.0,0.0,0.0,0.0,0.0,0.0,0.0,0.0,0.0,0.0,0.0,0.0,0.0,0.0,0.0,0.0,0.0,0.0,0.0,0.0,0.0,0.0,D_0__Bacteria; D_1__Cyanobacteria; D_2__Oxyphotobacteria; D_3__Nostocales; D_4__Nostocaceae; D_5__Dolichospermum NIES41; D_6__uncultured cyanobacterium
ee101fdaf73625a46ae7d326f22b3f64,0.0,0.0,0.0,0.0,0.0,0.0,0.0,0.0,0.0,0.0,0.0,0.0,0.0,0.0,0.0,0.0,0.0,0.0,0.0,0.0,0.0,0.0,0.0,0.0,0.0,0.0,18.0,4.0,0.0,0.0,0.0,D_0__Bacteria; D_1__Cyanobacteria; D_2__Oxyphotobacteria
d45fabc7d036be343d304efdc1ef770c,0.0,0.0,0.0,0.0,0.0,0.0,3.0,0.0,0.0,0.0,0.0,0.0,0.0,0.0,0.0,0.0,0.0,0.0,0.0,0.0,0.0,0.0,0.0,0.0,0.0,0.0,0.0,0.0,0.0,6.0,0.0,D_0__Bacteria; D_1__Cyanobacteria; D_2__Oxyphotobacteria; D_3__Nostocales; D_4__Nostocaceae
1ee0c58eab9c10e46b317f2804af88af,0.0,0.0,0.0,0.0,0.0,13.0,0.0,0.0,0.0,0.0,0.0,0.0,0.0,0.0,0.0,0.0,0.0,0.0,0.0,0.0,0.0,0.0,0.0,0.0,0.0,0.0,0.0,0.0,0.0,0.0,0.0,D_0__Bacteria; D_1__Cyanobacteria; D_2__Oxyphotobacteria; D_3__Synechococcales; D_4__Cyanobiaceae; D_5__Cyanobium PCC-6307
3dfa8df2687d92ac8b25a5b1b107b1f0,3.0,0.0,0.0,0.0,0.0,0.0,4.0,0.0,0.0,0.0,2.0,0.0,0.0,0.0,1.0,0.0,0.0,6.0,12.0,0.0,0.0,5.0,2.0,8.0,15.0,0.0,0.0,38.0,9.0,1.0,16.0,D_0__Bacteria; D_1__Cyanobacteria; D_2__Oxyphotobacteria; D_3__Nostocales; D_4__Xenococcaceae; D_5__Pleurocapsa PCC-7319
c1069f2ad5a5bd1e2bdb423bd6afba7e,0.0,0.0,0.0,0.0,0.0,0.0,0.0,0.0,1.0,0.0,0.0,0.0,0.0,0.0,0.0,0.0,0.0,0.0,0.0,0.0,0.0,0.0,0.0,0.0,0.0,0.0,0.0,0.0,0.0,0.0,0.0,D_0__Bacteria; D_1__Cyanobacteria; D_2__Oxyphotobacteria; D_3__SepB-3; D_4__uncultured cyanobacterium; D_5__uncultured cyanobacterium; D_6__uncultured cyanobacterium
ae7bee434ec83005d2cdfd595298ea05,0.0,0.0,0.0,0.0,0.0,0.0,0.0,0.0,0.0,0.0,0.0,0.0,0.0,0.0,0.0,0.0,0.0,0.0,0.0,0.0,0.0,0.0,0.0,0.0,0.0,4.0,0.0,0.0,0.0,0.0,0.0,D_0__Bacteria; D_1__Cyanobacteria; D_2__Oxyphotobacteria; D_3__SepB-3; D_4__uncultured bacterium; D_5__uncultured bacterium; D_6__uncultured bacterium
9161ad95d7f37dd4cd5177a90e866a33,0.0,0.0,0.0,0.0,0.0,0.0,0.0,2.0,0.0,0.0,0.0,0.0,0.0,0.0,0.0,0.0,0.0,0.0,0.0,0.0,0.0,0.0,0.0,0.0,0.0,0.0,0.0,0.0,0.0,0.0,0.0,D_0__Bacteria; D_1__Cyanobacteria; D_2__Oxyphotobacteria; D_3__Nostocales; D_4__Nostocaceae; D_5__Anabaena XPORK15F; D_6__Anabaena sp. 21-Drouzk10
fc8341732d5194534d9723f41b3dbc21,0.0,0.0,0.0,0.0,0.0,0.0,0.0,0.0,0.0,0.0,0.0,0.0,0.0,0.0,3.0,0.0,0.0,0.0,0.0,0.0,0.0,0.0,0.0,0.0,0.0,0.0,0.0,0.0,0.0,0.0,0.0,D_0__Bacteria; D_1__Cyanobacteria; D_2__Oxyphotobacteria
a67c9238ae6e60e7f92fd27bc192fea9,0.0,4.0,0.0,0.0,0.0,0.0,0.0,0.0,0.0,0.0,0.0,0.0,0.0,0.0,0.0,0.0,0.0,0.0,0.0,0.0,0.0,0.0,0.0,0.0,0.0,0.0,0.0,0.0,0.0,0.0,0.0,D_0__Bacteria; D_1__Cyanobacteria; D_2__Oxyphotobacteria; D_3__Synechococcales; D_4__Cyanobiaceae; D_5__Cyanobium PCC-6307
0dd57e8ca184280728db8b5d6fea55d9,0.0,0.0,0.0,0.0,0.0,0.0,0.0,0.0,0.0,0.0,0.0,0.0,0.0,0.0,1.0,0.0,0.0,0.0,0.0,0.0,0.0,0.0,0.0,0.0,0.0,0.0,0.0,0.0,0.0,0.0,0.0,D_0__Bacteria; D_1__Cyanobacteria; D_2__Oxyphotobacteria; D_3__Oxyphotobacteria Incertae Sedis; D_4__Unknown Family; D_5__Calothrix KVSF5; D_6__uncultured bacterium
7bc2aef06f79fa91db762f8b7c1f7e04,0.0,0.0,0.0,0.0,0.0,0.0,0.0,0.0,4.0,0.0,0.0,0.0,0.0,6.0,0.0,0.0,2.0,0.0,0.0,0.0,0.0,0.0,0.0,0.0,0.0,3.0,0.0,0.0,4.0,6.0,0.0,D_0__Bacteria; D_1__Cyanobacteria; D_2__Oxyphotobacteria; D_3__Nostocales; D_4__Nostocaceae; D_5__Nostoc PCC-73102
1d3fb30435a2010d3994d9f3a10cd73d,0.0,0.0,0.0,0.0,0.0,2.0,0.0,0.0,0.0,0.0,0.0,0.0,0.0,0.0,0.0,0.0,0.0,0.0,0.0,0.0,0.0,0.0,0.0,0.0,0.0,0.0,0.0,0.0,0.0,0.0,0.0,D_0__Bacteria; D_1__Cyanobacteria; D_2__Oxyphotobacteria; D_3__Synechococcales; D_4__Cyanobiaceae; D_5__Cyanobium PCC-6307
7c7aa1789520aa7923ca3e016613a4b1,0.0,0.0,0.0,0.0,0.0,0.0,0.0,0.0,0.0,0.0,0.0,0.0,0.0,0.0,0.0,0.0,0.0,0.0,0.0,0.0,0.0,0.0,0.0,0.0,0.0,0.0,0.0,4.0,0.0,0.0,0.0,D_0__Bacteria; D_1__Cyanobacteria; D_2__Oxyphotobacteria; D_3__Oxyphotobacteria Incertae Sedis; D_4__Unknown Family; D_5__Calothrix KVSF5; D_6__uncultured bacterium
1a7beb2c498a4e07341a3dc96ff516fa,0.0,0.0,18.0,0.0,0.0,0.0,0.0,0.0,0.0,17.0,0.0,0.0,3.0,0.0,0.0,0.0,6.0,0.0,0.0,18.0,10.0,0.0,0.0,0.0,0.0,0.0,0.0,0.0,0.0,0.0,0.0,D_0__Bacteria; D_1__Cyanobacteria; D_2__Oxyphotobacteria; D_3__Nostocales; D_4__Nostocaceae; D_5__Aphanizomenon NIES81
05fe110a2fa5881915d7b90253d36324,0.0,1.0,0.0,0.0,0.0,0.0,0.0,0.0,0.0,0.0,0.0,0.0,0.0,0.0,0.0,10.0,0.0,0.0,0.0,0.0,0.0,0.0,0.0,0.0,0.0,0.0,0.0,0.0,0.0,0.0,0.0,D_0__Bacteria; D_1__Cyanobacteria; D_2__Oxyphotobacteria; D_3__Synechococcales; D_4__Cyanobiaceae; D_5__Cyanobium PCC-6307; D_6__uncultured Synechococcus sp.
0a614db7734bed5fcde820a51fbae094,0.0,0.0,0.0,0.0,0.0,4.0,0.0,0.0,0.0,0.0,0.0,0.0,0.0,0.0,0.0,0.0,0.0,0.0,0.0,0.0,0.0,0.0,0.0,0.0,0.0,0.0,0.0,0.0,0.0,0.0,0.0,D_0__Bacteria; D_1__Cyanobacteria; D_2__Oxyphotobacteria; D_3__Synechococcales; D_4__Cyanobiaceae; D_5__Cyanobium PCC-6307
3e0e90599de9b2bdabc489c2d7994870,0.0,0.0,0.0,0.0,0.0,0.0,0.0,0.0,0.0,0.0,1.0,0.0,0.0,0.0,0.0,0.0,0.0,0.0,0.0,0.0,0.0,0.0,0.0,0.0,0.0,0.0,0.0,0.0,0.0,0.0,0.0,D_0__Bacteria; D_1__Cyanobacteria; D_2__Sericytochromatia; D_3__uncultured bacterium; D_4__uncultured bacterium; D_5__uncultured bacterium; D_6__uncultured bacterium
57718b32e4885da97b548c8396a2ad25,0.0,0.0,0.0,0.0,0.0,0.0,0.0,0.0,0.0,0.0,0.0,1.0,0.0,0.0,0.0,0.0,0.0,0.0,0.0,0.0,0.0,0.0,0.0,0.0,0.0,0.0,0.0,0.0,0.0,0.0,0.0,D_0__Bacteria; D_1__Cyanobacteria; D_2__Oxyphotobacteria; D_3__Leptolyngbyales; D_4__Leptolyngbyaceae; D_5__uncultured; D_6__filamentous cyanobacterium LEGE 11469
85078e6b93dc11219af94801ee965953,0.0,0.0,0.0,0.0,0.0,2.0,0.0,0.0,0.0,0.0,0.0,0.0,0.0,0.0,0.0,0.0,0.0,0.0,0.0,0.0,0.0,0.0,0.0,0.0,0.0,0.0,0.0,0.0,0.0,0.0,0.0,D_0__Bacteria; D_1__Cyanobacteria; D_2__Oxyphotobacteria; D_3__Synechococcales; D_4__Cyanobiaceae; D_5__Cyanobium PCC-6307
498a05700995ed243c9a2cfe35a32659,0.0,0.0,0.0,0.0,0.0,0.0,0.0,0.0,1.0,0.0,0.0,0.0,0.0,2.0,0.0,0.0,0.0,0.0,0.0,0.0,0.0,0.0,0.0,0.0,0.0,0.0,0.0,0.0,0.0,0.0,0.0,D_0__Bacteria; D_1__Cyanobacteria; D_2__Oxyphotobacteria; D_3__Oxyphotobacteria Incertae Sedis; D_4__Unknown Family; D_5__Calothrix KVSF5; D_6__uncultured bacterium
c11569f2bace9b1fcd136aaeeb48a4e1,0.0,0.0,0.0,0.0,0.0,0.0,0.0,0.0,2.0,0.0,0.0,0.0,0.0,0.0,0.0,0.0,0.0,0.0,0.0,0.0,0.0,1.0,0.0,0.0,0.0,0.0,0.0,0.0,0.0,0.0,0.0,D_0__Bacteria; D_1__Cyanobacteria; D_2__Oxyphotobacteria; D_3__Synechococcales; D_4__Synechococcales Incertae Sedis; D_5__Schizothrix LEGE 07164; D_6__uncultured bacterium
2da3b5093e9b399ae1e471deb9e204d3,0.0,0.0,0.0,0.0,0.0,0.0,0.0,0.0,0.0,0.0,0.0,0.0,0.0,0.0,0.0,0.0,0.0,0.0,0.0,0.0,0.0,0.0,3.0,0.0,0.0,0.0,0.0,0.0,0.0,0.0,0.0,D_0__Bacteria; D_1__Cyanobacteria; D_2__Oxyphotobacteria; D_3__Nostocales; D_4__Chamaesiphonaceae; D_5__Chamaesiphon PCC-6605; D_6__Chamaesiphon minutus PCC 6605
71724143283e1c1280a538bed4acffe0,13.0,0.0,0.0,0.0,0.0,0.0,0.0,0.0,0.0,0.0,0.0,0.0,0.0,0.0,0.0,0.0,0.0,0.0,0.0,0.0,0.0,0.0,0.0,0.0,0.0,0.0,0.0,0.0,0.0,0.0,0.0,D_0__Bacteria; D_1__Cyanobacteria; D_2__Oxyphotobacteria; D_3__Nostocales; D_4__Nostocaceae
c211c6230e40649e3b2f37d5dc64d52f,0.0,0.0,0.0,0.0,0.0,0.0,0.0,0.0,0.0,0.0,0.0,0.0,0.0,0.0,0.0,0.0,0.0,0.0,0.0,0.0,0.0,0.0,1.0,0.0,0.0,0.0,0.0,0.0,0.0,0.0,0.0,D_0__Bacteria; D_1__Cyanobacteria; D_2__Sericytochromatia; D_3__Hyaloperonospora arabidopsidis; D_4__Hyaloperonospora arabidopsidis; D_5__Hyaloperonospora arabidopsidis; D_6__Hyaloperonospora arabidopsidis
30534f24202e2132b5dfc0dd4f5c26f2,0.0,0.0,1.0,0.0,4.0,0.0,0.0,0.0,0.0,0.0,0.0,0.0,0.0,0.0,0.0,0.0,0.0,0.0,0.0,0.0,0.0,0.0,0.0,0.0,0.0,0.0,0.0,0.0,0.0,0.0,0.0,D_0__Bacteria; D_1__Cyanobacteria; D_2__Oxyphotobacteria; D_3__Nostocales; D_4__Xenococcaceae; D_5__Pleurocapsa PCC-7319
bbc5055a0cbfe0e88d79f4bc9f18fd03,0.0,0.0,0.0,0.0,0.0,0.0,0.0,0.0,0.0,0.0,0.0,0.0,0.0,0.0,0.0,0.0,0.0,0.0,0.0,0.0,0.0,0.0,0.0,0.0,0.0,0.0,0.0,0.0,0.0,0.0,2.0,D_0__Bacteria; D_1__Cyanobacteria; D_2__Melainabacteria; D_3__Caenarcaniphilales; D_4__uncultured Firmicutes bacterium; D_5__uncultured Firmicutes bacterium; D_6__uncultured Firmicutes bacterium
8b6c8a26f68db76381f8d41a66bcc9bf,0.0,0.0,0.0,0.0,0.0,0.0,0.0,0.0,0.0,0.0,0.0,0.0,0.0,0.0,0.0,0.0,0.0,0.0,0.0,0.0,0.0,0.0,0.0,0.0,0.0,0.0,0.0,0.0,0.0,0.0,2.0,D_0__Bacteria; D_1__Cyanobacteria; D_2__Melainabacteria; D_3__Gastranaerophilales; D_4__uncultured Merismopedia sp.; D_5__uncultured Merismopedia sp.; D_6__uncultured Merismopedia sp.
083c6aeef5b22021132482b56f55d4d3,0.0,0.0,0.0,0.0,0.0,0.0,0.0,0.0,0.0,0.0,0.0,0.0,0.0,0.0,0.0,0.0,0.0,0.0,0.0,0.0,0.0,8.0,5.0,0.0,0.0,0.0,0.0,0.0,0.0,0.0,0.0,D_0__Bacteria; D_1__Cyanobacteria; D_2__Oxyphotobacteria; D_3__Nostocales; D_4__Nostocaceae
0e083d08f97dbfe348f371f69e630ed5,0.0,0.0,0.0,0.0,0.0,0.0,0.0,0.0,0.0,0.0,9.0,6.0,0.0,0.0,0.0,0.0,0.0,0.0,0.0,0.0,0.0,0.0,0.0,0.0,0.0,0.0,0.0,0.0,0.0,0.0,0.0,D_0__Bacteria; D_1__Cyanobacteria; D_2__Oxyphotobacteria; D_3__Oxyphotobacteria Incertae Sedis; D_4__Unknown Family; D_5__Calothrix KVSF5; D_6__uncultured bacterium
541ecbea4baf84260e8e069c7fbf2190,0.0,0.0,0.0,0.0,1.0,0.0,0.0,0.0,0.0,0.0,0.0,0.0,0.0,0.0,0.0,0.0,0.0,0.0,0.0,0.0,0.0,0.0,0.0,0.0,0.0,0.0,0.0,0.0,0.0,0.0,0.0,D_0__Bacteria; D_1__Cyanobacteria; D_2__Sericytochromatia; D_3__uncultured prokaryote; D_4__uncultured prokaryote; D_5__uncultured prokaryote; D_6__uncultured prokaryote
5de7568ca9407ac9f09a54f88887eff2,0.0,0.0,1.0,0.0,0.0,0.0,0.0,0.0,0.0,0.0,0.0,0.0,11.0,0.0,0.0,0.0,0.0,0.0,0.0,0.0,0.0,0.0,0.0,0.0,0.0,0.0,0.0,0.0,0.0,0.0,0.0,D_0__Bacteria; D_1__Cyanobacteria; D_2__Oxyphotobacteria; D_3__Nostocales; D_4__Nostocaceae
98598c4c77a6cffc00bfb24ac6614388,0.0,0.0,0.0,0.0,0.0,0.0,0.0,0.0,0.0,0.0,2.0,6.0,0.0,0.0,0.0,0.0,0.0,0.0,0.0,0.0,0.0,0.0,0.0,0.0,0.0,0.0,0.0,0.0,0.0,0.0,0.0,D_0__Bacteria; D_1__Cyanobacteria; D_2__Oxyphotobacteria; D_3__Oxyphotobacteria Incertae Sedis; D_4__Unknown Family; D_5__Calothrix KVSF5; D_6__uncultured bacterium
bae00454705d2a8eec99677254d72870,0.0,0.0,0.0,0.0,0.0,0.0,0.0,0.0,0.0,0.0,0.0,0.0,0.0,0.0,0.0,0.0,0.0,0.0,0.0,0.0,0.0,6.0,0.0,0.0,0.0,0.0,0.0,0.0,0.0,0.0,0.0,D_0__Bacteria; D_1__Cyanobacteria; D_2__Oxyphotobacteria; D_3__SepB-3; D_4__uncultured cyanobacterium; D_5__uncultured cyanobacterium; D_6__uncultured cyanobacterium
8cad83aaba881de61099676d9b707ec7,0.0,0.0,0.0,23.0,11.0,0.0,0.0,0.0,0.0,0.0,0.0,0.0,0.0,0.0,0.0,0.0,0.0,0.0,0.0,0.0,0.0,0.0,0.0,0.0,0.0,0.0,0.0,0.0,0.0,0.0,0.0,D_0__Bacteria; D_1__Cyanobacteria; D_2__Oxyphotobacteria; D_3__Nostocales; D_4__Nostocaceae; D_5__Dolichospermum NIES41
5de27febf2c3146c05611c279e97767b,4.0,0.0,0.0,0.0,0.0,0.0,0.0,0.0,0.0,0.0,0.0,0.0,0.0,0.0,0.0,0.0,0.0,0.0,0.0,0.0,9.0,0.0,0.0,0.0,0.0,0.0,0.0,0.0,0.0,0.0,0.0,D_0__Bacteria; D_1__Cyanobacteria; D_2__Oxyphotobacteria; D_3__Synechococcales; D_4__Cyanobiaceae; D_5__Cyanobium PCC-6307
b4d6383973c9e7432aec2f2cf1b0c02a,3.0,0.0,0.0,0.0,0.0,0.0,0.0,0.0,0.0,0.0,0.0,0.0,0.0,0.0,0.0,0.0,0.0,0.0,0.0,0.0,0.0,0.0,0.0,0.0,0.0,0.0,0.0,0.0,0.0,0.0,0.0,D_0__Bacteria; D_1__Cyanobacteria; D_2__Melainabacteria; D_3__Gastranaerophilales; D_4__Candidatus Melainabacteria bacterium GWA2_34_9; D_5__Candidatus Melainabacteria bacterium GWA2_34_9; D_6__Candidatus Melainabacteria bacterium GWA2_34_9
2629ac2b78514355aa0f84f2744fb028,0.0,0.0,0.0,0.0,0.0,0.0,0.0,0.0,2.0,0.0,0.0,0.0,0.0,0.0,0.0,0.0,0.0,0.0,0.0,0.0,0.0,0.0,0.0,0.0,0.0,0.0,0.0,0.0,0.0,0.0,0.0,D_0__Bacteria; D_1__Cyanobacteria; D_2__Oxyphotobacteria; D_3__Pseudanabaenales; D_4__Pseudanabaenaceae; D_5__Pseudanabaena PCC-7429; D_6__uncultured bacterium
8e945656805b73ab65c19b63f1216341,0.0,0.0,0.0,0.0,0.0,0.0,0.0,0.0,0.0,0.0,0.0,0.0,0.0,0.0,0.0,0.0,0.0,0.0,0.0,0.0,0.0,0.0,4.0,0.0,0.0,0.0,0.0,0.0,0.0,0.0,0.0,D_0__Bacteria; D_1__Cyanobacteria; D_2__Oxyphotobacteria; D_3__SepB-3; D_4__uncultured bacterium; D_5__uncultured bacterium; D_6__uncultured bacterium
0f796ef6e2de2b61bf02742c08dd840f,0.0,0.0,0.0,0.0,0.0,0.0,0.0,0.0,0.0,0.0,0.0,0.0,0.0,0.0,0.0,0.0,0.0,0.0,0.0,0.0,0.0,0.0,2.0,0.0,0.0,0.0,0.0,0.0,0.0,0.0,0.0,D_0__Bacteria; D_1__Cyanobacteria; D_2__Melainabacteria; D_3__Vampirovibrionales; D_4__uncultured cyanobacterium; D_5__uncultured cyanobacterium; D_6__uncultured cyanobacterium
9adf9d24e5509b5ddba1d46d1e3952e4,0.0,0.0,0.0,0.0,0.0,0.0,0.0,0.0,0.0,0.0,0.0,0.0,0.0,0.0,0.0,3.0,2.0,0.0,0.0,0.0,10.0,5.0,1.0,2.0,0.0,0.0,0.0,0.0,0.0,0.0,0.0,D_0__Bacteria; D_1__Cyanobacteria; D_2__Oxyphotobacteria; D_3__Synechococcales; D_4__Cyanobiaceae; D_5__Cyanobium PCC-6307; D_6__uncultured bacterium
6fe04f0ec35dd1e2f3525f74d328ffc0,0.0,0.0,0.0,0.0,0.0,0.0,0.0,0.0,0.0,0.0,0.0,4.0,0.0,13.0,3.0,0.0,0.0,0.0,0.0,0.0,0.0,1.0,0.0,0.0,0.0,0.0,0.0,0.0,7.0,2.0,0.0,D_0__Bacteria; D_1__Cyanobacteria; D_2__Oxyphotobacteria
3c7749a9f77c6d46a36e516e294cf540,0.0,0.0,0.0,0.0,0.0,0.0,0.0,0.0,0.0,0.0,0.0,0.0,0.0,0.0,0.0,0.0,0.0,8.0,0.0,0.0,2.0,0.0,0.0,12.0,0.0,0.0,0.0,0.0,0.0,0.0,0.0,D_0__Bacteria; D_1__Cyanobacteria; D_2__Oxyphotobacteria; D_3__Leptolyngbyales; D_4__Leptolyngbyaceae; D_5__Chamaesiphon PCC-7430; D_6__uncultured bacterium
c1b4d4f034152d964a49c3f6559274ac,0.0,1.0,8.0,0.0,0.0,0.0,0.0,0.0,0.0,0.0,0.0,0.0,4.0,0.0,0.0,0.0,2.0,0.0,0.0,0.0,0.0,0.0,0.0,0.0,0.0,0.0,0.0,0.0,0.0,0.0,0.0,D_0__Bacteria; D_1__Cyanobacteria; D_2__Oxyphotobacteria; D_3__Nostocales; D_4__Nostocaceae; D_5__Aphanizomenon MDT14a
78f406d1e25b58ab1bc9681d1ed887b4,0.0,0.0,0.0,0.0,0.0,0.0,0.0,0.0,0.0,0.0,0.0,0.0,0.0,0.0,0.0,0.0,0.0,2.0,0.0,0.0,0.0,0.0,0.0,0.0,0.0,0.0,0.0,0.0,0.0,0.0,0.0,D_0__Bacteria; D_1__Cyanobacteria; D_2__Oxyphotobacteria; D_3__Thermosynechococcales; D_4__Thermosynechococcaceae; D_5__Cyanothece PCC 7425; D_6__Acaryochloris sp. JJ7-5
444509a7b188d38a7bb1153bb891a431,3.0,0.0,0.0,0.0,0.0,0.0,0.0,0.0,0.0,0.0,0.0,0.0,0.0,0.0,0.0,0.0,0.0,0.0,0.0,0.0,0.0,0.0,0.0,0.0,0.0,0.0,0.0,0.0,0.0,0.0,0.0,D_0__Bacteria; D_1__Cyanobacteria; D_2__Oxyphotobacteria; D_3__Oxyphotobacteria Incertae Sedis; D_4__Unknown Family; D_5__Calothrix KVSF5; D_6__uncultured bacterium
5e06eeccc4376ecad6513a8f370fbb47,1.0,0.0,0.0,0.0,0.0,0.0,0.0,0.0,0.0,0.0,0.0,0.0,0.0,0.0,0.0,0.0,0.0,0.0,0.0,0.0,1.0,2.0,4.0,0.0,0.0,0.0,0.0,0.0,0.0,0.0,0.0,D_0__Bacteria; D_1__Cyanobacteria; D_2__Oxyphotobacteria; D_3__Nostocales; D_4__Nostocaceae; D_5__Calothrix PCC-6303
7c76ab8d5b8abeba6e6d102889305551,0.0,0.0,0.0,0.0,0.0,2.0,0.0,0.0,0.0,0.0,0.0,0.0,1.0,0.0,0.0,0.0,0.0,0.0,0.0,0.0,0.0,0.0,0.0,0.0,0.0,0.0,0.0,0.0,0.0,0.0,0.0,D_0__Bacteria; D_1__Cyanobacteria; D_2__Oxyphotobacteria; D_3__Synechococcales; D_4__Cyanobiaceae; D_5__Cyanobium PCC-6307; D_6__uncultured marine bacterium
7b748821e462d8556a9927d98c98c083,0.0,0.0,0.0,0.0,0.0,0.0,0.0,0.0,0.0,0.0,0.0,0.0,0.0,0.0,0.0,0.0,0.0,0.0,0.0,0.0,0.0,0.0,0.0,0.0,0.0,0.0,0.0,2.0,1.0,0.0,0.0,D_0__Bacteria; D_1__Cyanobacteria; D_2__Oxyphotobacteria; D_3__Oxyphotobacteria Incertae Sedis; D_4__Unknown Family; D_5__Calothrix KVSF5; D_6__uncultured bacterium
ce4f3057c3990ddf2351287615b3652a,0.0,0.0,0.0,0.0,0.0,0.0,0.0,0.0,0.0,0.0,0.0,0.0,0.0,0.0,2.0,0.0,0.0,0.0,0.0,0.0,0.0,0.0,0.0,0.0,3.0,0.0,0.0,0.0,0.0,0.0,0.0,D_0__Bacteria; D_1__Cyanobacteria; D_2__Oxyphotobacteria; D_3__Leptolyngbyales; D_4__Leptolyngbyaceae; D_5__uncultured; D_6__uncultured bacterium
8a2ab79d415e3f96a60630da8d855cbc,0.0,0.0,0.0,0.0,0.0,0.0,3.0,0.0,1.0,0.0,0.0,0.0,0.0,0.0,0.0,0.0,0.0,0.0,0.0,0.0,0.0,0.0,0.0,0.0,0.0,0.0,0.0,0.0,0.0,0.0,0.0,D_0__Bacteria; D_1__Cyanobacteria; D_2__Oxyphotobacteria; D_3__Nostocales; D_4__Nostocaceae; D_5__Aphanizomenon NIES81
5fab4ef8e686be899a2fe5e6a8d2214c,0.0,0.0,0.0,0.0,0.0,0.0,0.0,0.0,0.0,0.0,0.0,0.0,1.0,0.0,0.0,0.0,0.0,0.0,0.0,0.0,0.0,0.0,0.0,0.0,0.0,0.0,0.0,0.0,0.0,0.0,0.0,D_0__Bacteria; D_1__Cyanobacteria; D_2__Oxyphotobacteria; D_3__Leptolyngbyales; D_4__Leptolyngbyaceae; D_5__Chamaesiphon PCC-7430; D_6__uncultured bacterium
64b7ce8a9d3e44101499bf51f3f032e5,0.0,0.0,0.0,0.0,0.0,0.0,0.0,0.0,0.0,0.0,0.0,0.0,0.0,0.0,0.0,0.0,0.0,0.0,0.0,0.0,0.0,0.0,0.0,0.0,0.0,8.0,11.0,0.0,0.0,0.0,0.0,D_0__Bacteria; D_1__Cyanobacteria; D_2__Oxyphotobacteria; D_3__Nostocales; D_4__Nostocaceae
8a06c5836b61ad5476c93f2b7d2b9311,0.0,0.0,0.0,0.0,0.0,6.0,0.0,0.0,0.0,7.0,0.0,0.0,9.0,0.0,0.0,0.0,0.0,0.0,0.0,0.0,0.0,0.0,0.0,0.0,0.0,0.0,0.0,0.0,0.0,0.0,0.0,D_0__Bacteria; D_1__Cyanobacteria; D_2__Oxyphotobacteria; D_3__Synechococcales; D_4__Cyanobiaceae; D_5__Cyanobium PCC-6307
806901b1b5440cf5c39366b12b4fbb51,0.0,0.0,0.0,0.0,0.0,0.0,0.0,0.0,0.0,0.0,1.0,2.0,0.0,0.0,0.0,0.0,0.0,0.0,0.0,0.0,0.0,0.0,0.0,0.0,0.0,0.0,0.0,0.0,3.0,0.0,0.0,D_0__Bacteria; D_1__Cyanobacteria; D_2__Oxyphotobacteria; D_3__Leptolyngbyales; D_4__Leptolyngbyaceae; D_5__Chamaesiphon PCC-7430; D_6__uncultured bacterium
c78ab4c4678c8f275fb2ec3140fd497c,0.0,0.0,0.0,0.0,0.0,0.0,0.0,0.0,0.0,0.0,0.0,0.0,0.0,0.0,0.0,0.0,0.0,0.0,0.0,0.0,0.0,0.0,0.0,0.0,3.0,0.0,0.0,0.0,2.0,0.0,0.0,D_0__Bacteria; D_1__Cyanobacteria; D_2__Oxyphotobacteria
adae513505efb9b2944d00a114b75f39,0.0,0.0,0.0,0.0,0.0,0.0,0.0,1.0,0.0,0.0,0.0,0.0,0.0,0.0,0.0,0.0,0.0,0.0,0.0,0.0,0.0,4.0,0.0,12.0,0.0,0.0,0.0,0.0,0.0,1.0,5.0,D_0__Bacteria; D_1__Cyanobacteria; D_2__Oxyphotobacteria; D_3__Oxyphotobacteria Incertae Sedis; D_4__Unknown Family; D_5__Calothrix KVSF5; D_6__uncultured bacterium
26dee17ea59c905955f0552634ac0d28,0.0,0.0,0.0,0.0,0.0,0.0,0.0,0.0,0.0,0.0,0.0,0.0,0.0,0.0,0.0,0.0,0.0,0.0,0.0,0.0,0.0,0.0,0.0,0.0,0.0,28.0,0.0,0.0,0.0,0.0,0.0,D_0__Bacteria; D_1__Cyanobacteria; D_2__Oxyphotobacteria; D_3__Gloeobacterales; D_4__Gloeobacteraceae; D_5__Gloeobacter PCC-7421; D_6__uncultured bacterium
1f7d40ba6e86208d7fad7ca551191820,0.0,4.0,3.0,0.0,4.0,0.0,0.0,0.0,9.0,0.0,10.0,16.0,0.0,14.0,11.0,0.0,8.0,0.0,0.0,0.0,0.0,11.0,13.0,0.0,0.0,0.0,0.0,0.0,0.0,8.0,0.0,D_0__Bacteria; D_1__Cyanobacteria; D_2__Oxyphotobacteria
6d5e3169d69f5d8f142b2bfaa4c5b7f1,0.0,0.0,0.0,0.0,0.0,0.0,0.0,0.0,0.0,0.0,0.0,0.0,0.0,0.0,0.0,0.0,5.0,0.0,0.0,0.0,0.0,0.0,0.0,0.0,0.0,0.0,0.0,0.0,0.0,0.0,0.0,D_0__Bacteria; D_1__Cyanobacteria; D_2__Oxyphotobacteria; D_3__Nostocales; D_4__Nostocaceae; D_5__Aphanizomenon NIES81; D_6__Dolichospermum lemmermannii 66A
74a60d77f842b02ddaf2ea1f54a79e7f,0.0,0.0,3.0,0.0,0.0,9.0,2.0,0.0,0.0,0.0,0.0,0.0,7.0,0.0,0.0,0.0,0.0,0.0,0.0,0.0,0.0,0.0,0.0,0.0,0.0,0.0,0.0,0.0,0.0,0.0,0.0,D_0__Bacteria; D_1__Cyanobacteria; D_2__Oxyphotobacteria; D_3__Synechococcales; D_4__Cyanobiaceae; D_5__Cyanobium PCC-6307
038f2f3309dd30f9f24105f0e1bb86c6,3.0,0.0,0.0,0.0,0.0,0.0,0.0,0.0,0.0,0.0,0.0,0.0,0.0,0.0,0.0,0.0,0.0,0.0,0.0,0.0,0.0,0.0,0.0,0.0,0.0,0.0,0.0,0.0,0.0,0.0,0.0,D_0__Bacteria; D_1__Cyanobacteria; D_2__Oxyphotobacteria; D_3__Oxyphotobacteria Incertae Sedis; D_4__Unknown Family; D_5__Calothrix KVSF5; D_6__uncultured bacterium
cd3e034e9f02f18c99993b609fee4fa8,0.0,0.0,5.0,0.0,0.0,0.0,1.0,0.0,0.0,5.0,0.0,0.0,0.0,0.0,0.0,37.0,2.0,0.0,0.0,10.0,0.0,0.0,0.0,0.0,0.0,0.0,0.0,0.0,0.0,0.0,0.0,D_0__Bacteria; D_1__Cyanobacteria; D_2__Oxyphotobacteria; D_3__Nostocales; D_4__Nostocaceae; D_5__Aphanizomenon NIES81; D_6__uncultured cyanobacterium
4c327505a6047f3d55fb7f6a74f1a0a8,0.0,0.0,0.0,0.0,0.0,0.0,2.0,0.0,0.0,0.0,1.0,4.0,0.0,0.0,0.0,0.0,1.0,0.0,0.0,0.0,0.0,0.0,0.0,0.0,0.0,0.0,0.0,0.0,0.0,3.0,0.0,D_0__Bacteria; D_1__Cyanobacteria; D_2__Oxyphotobacteria; D_3__Nostocales; D_4__Phormidiaceae; D_5__Tychonema CCAP 1459-11B
1d6df26f4cb890d5ba2b94133eee9b51,0.0,0.0,0.0,6.0,0.0,0.0,0.0,0.0,0.0,0.0,0.0,0.0,0.0,0.0,0.0,0.0,0.0,0.0,0.0,0.0,0.0,0.0,0.0,0.0,0.0,0.0,0.0,0.0,0.0,0.0,0.0,D_0__Bacteria; D_1__Cyanobacteria; D_2__Oxyphotobacteria; D_3__Nostocales; D_4__Nostocaceae; D_5__Dolichospermum NIES41
22e262f1248ad645f9b6240f3615da86,0.0,0.0,0.0,0.0,2.0,0.0,0.0,0.0,0.0,0.0,0.0,0.0,0.0,0.0,0.0,0.0,0.0,0.0,0.0,0.0,0.0,0.0,0.0,0.0,0.0,0.0,0.0,0.0,0.0,0.0,0.0,D_0__Bacteria; D_1__Cyanobacteria; D_2__Oxyphotobacteria; D_3__Leptolyngbyales; D_4__Leptolyngbyaceae
3f2c25846819535f96bbe254f03bc79d,0.0,0.0,0.0,0.0,0.0,0.0,0.0,0.0,6.0,0.0,0.0,0.0,0.0,0.0,0.0,0.0,0.0,0.0,0.0,0.0,0.0,0.0,0.0,0.0,0.0,0.0,0.0,0.0,0.0,2.0,0.0,D_0__Bacteria; D_1__Cyanobacteria; D_2__Oxyphotobacteria; D_3__Nostocales; D_4__Nostocaceae; D_5__Aphanizomenon NIES81; D_6__uncultured cyanobacterium
66051a5b2d795c9905944d0bca317c09,0.0,0.0,0.0,0.0,0.0,0.0,1.0,0.0,0.0,0.0,0.0,0.0,0.0,0.0,0.0,0.0,0.0,0.0,0.0,0.0,0.0,0.0,0.0,0.0,0.0,0.0,0.0,0.0,4.0,0.0,0.0,D_0__Bacteria; D_1__Cyanobacteria; D_2__Oxyphotobacteria; D_3__Nostocales; D_4__Xenococcaceae; D_5__Pleurocapsa PCC-7319
ea2e00a483a97d1aabc242a52de19953,0.0,0.0,0.0,0.0,0.0,0.0,0.0,0.0,0.0,0.0,0.0,0.0,0.0,0.0,0.0,0.0,0.0,0.0,14.0,0.0,0.0,0.0,0.0,0.0,0.0,0.0,0.0,0.0,0.0,0.0,0.0,D_0__Bacteria; D_1__Cyanobacteria; D_2__Oxyphotobacteria; D_3__Leptolyngbyales; D_4__Leptolyngbyaceae; D_5__Chamaesiphon PCC-7430; D_6__uncultured bacterium
7a58a670654e91eb7bbbb340f5221038,0.0,0.0,0.0,0.0,0.0,0.0,0.0,0.0,1.0,0.0,0.0,0.0,0.0,0.0,0.0,0.0,0.0,0.0,0.0,0.0,0.0,0.0,0.0,0.0,0.0,0.0,0.0,0.0,0.0,0.0,0.0,D_0__Bacteria; D_1__Cyanobacteria; D_2__Oxyphotobacteria; D_3__Pseudanabaenales; D_4__Pseudanabaenaceae; D_5__Synechococcus PCC-7502; D_6__uncultured bacterium
1e994910b44683e96c37da4cd04862a4,0.0,0.0,0.0,0.0,8.0,0.0,5.0,42.0,0.0,4.0,0.0,0.0,0.0,0.0,12.0,0.0,0.0,0.0,0.0,0.0,0.0,0.0,0.0,0.0,0.0,0.0,0.0,0.0,0.0,0.0,0.0,D_0__Bacteria; D_1__Cyanobacteria; D_2__Oxyphotobacteria; D_3__Nostocales; D_4__Phormidiaceae; D_5__Tychonema CCAP 1459-11B
bc8e95d1e4882bb46a29e9fa6e04b8c0,0.0,0.0,0.0,0.0,0.0,0.0,0.0,0.0,0.0,0.0,0.0,0.0,0.0,0.0,0.0,0.0,0.0,0.0,0.0,0.0,0.0,0.0,0.0,0.0,1.0,0.0,0.0,0.0,0.0,0.0,0.0,D_0__Bacteria; D_1__Cyanobacteria; D_2__Sericytochromatia; D_3__Hyaloperonospora arabidopsidis; D_4__Hyaloperonospora arabidopsidis; D_5__Hyaloperonospora arabidopsidis; D_6__Hyaloperonospora arabidopsidis
