#OTU ID,AUG-002,AUG-003,AUG-004,AUG-005,AUG-006,AUG-007,AUG-008,DES-001,DES-005,DES-006,DES-007,DES-008,DES-009,DES-010,DES-012,DES-013,DES-014,DES-018,WLT-001,WLT-003,WLT-004,WLT-007,WLT-009,WLT-011,WLT-013,WLT-014,WLT-015,WLT-016,WLT-018,WLT-020,WLT-022,WLT-023,WLT-025,WLT-026,WLT-027,WLT-028,WLT-029,WLT-030,WLT-031,WLT-033,WLT-035,WLT-037,taxonomy
199b6374da3caa68a532e12f7ecf59e8,0.0,0.0,0.0,0.0,0.0,0.0,0.0,0.0,0.0,2.0,0.0,0.0,0.0,0.0,0.0,0.0,0.0,0.0,0.0,0.0,0.0,0.0,0.0,0.0,0.0,0.0,0.0,0.0,0.0,0.0,0.0,0.0,0.0,0.0,0.0,0.0,0.0,0.0,0.0,0.0,0.0,0.0,D_0__Bacteria; D_1__Verrucomicrobia; D_2__Verrucomicrobiae; D_3__Verrucomicrobiales; D_4__Verrucomicrobiaceae; D_5__uncultured; D_6__uncultured bacterium
2429131ca79bd3bda9e161abab192cce,0.0,0.0,0.0,0.0,0.0,0.0,0.0,0.0,0.0,0.0,0.0,0.0,0.0,0.0,0.0,0.0,0.0,0.0,0.0,0.0,0.0,0.0,0.0,0.0,0.0,0.0,0.0,0.0,0.0,0.0,0.0,0.0,0.0,0.0,1.0,0.0,0.0,0.0,0.0,0.0,0.0,0.0,D_0__Bacteria; D_1__Verrucomicrobia; D_2__Verrucomicrobiae; D_3__Pedosphaerales; D_4__Pedosphaeraceae
d4ec8aad8e920c757a40b317f6d8fd5b,0.0,0.0,0.0,0.0,0.0,0.0,0.0,0.0,0.0,0.0,0.0,0.0,0.0,0.0,0.0,0.0,0.0,0.0,0.0,0.0,0.0,0.0,0.0,0.0,0.0,0.0,0.0,0.0,0.0,0.0,0.0,0.0,9.0,0.0,1.0,6.0,1.0,0.0,0.0,5.0,0.0,0.0,D_0__Bacteria; D_1__Verrucomicrobia; D_2__Verrucomicrobiae; D_3__Opitutales; D_4__Opitutaceae; D_5__Lacunisphaera; D_6__metagenome
4869379a1d315c0d2c7b37f461d8dd21,0.0,0.0,0.0,0.0,0.0,0.0,0.0,0.0,0.0,0.0,0.0,0.0,0.0,0.0,0.0,0.0,0.0,0.0,0.0,0.0,0.0,0.0,0.0,0.0,0.0,0.0,0.0,0.0,0.0,0.0,5.0,0.0,0.0,0.0,3.0,0.0,0.0,0.0,0.0,0.0,0.0,0.0,D_0__Bacteria; D_1__Verrucomicrobia; D_2__Verrucomicrobiae; D_3__Opitutales; D_4__Opitutaceae; D_5__uncultured; D_6__metagenome
2ababb2fa7e5b9e140a6cf08aa97331a,0.0,0.0,0.0,0.0,0.0,0.0,4.0,0.0,0.0,0.0,0.0,0.0,0.0,0.0,0.0,0.0,0.0,0.0,0.0,3.0,0.0,2.0,0.0,0.0,0.0,0.0,0.0,0.0,0.0,0.0,0.0,0.0,0.0,0.0,0.0,0.0,0.0,0.0,0.0,0.0,0.0,0.0,D_0__Bacteria; D_1__Verrucomicrobia; D_2__Verrucomicrobiae; D_3__Verrucomicrobiales; D_4__Verrucomicrobiaceae
106f4057971a658dde9825a2cdd49d88,0.0,0.0,0.0,0.0,0.0,0.0,0.0,0.0,0.0,0.0,0.0,0.0,0.0,0.0,0.0,0.0,0.0,0.0,0.0,0.0,0.0,0.0,0.0,0.0,0.0,0.0,0.0,0.0,0.0,0.0,0.0,0.0,0.0,0.0,0.0,0.0,0.0,0.0,0.0,0.0,1.0,0.0,D_0__Bacteria; D_1__Verrucomicrobia; D_2__Verrucomicrobiae; D_3__Pedosphaerales; D_4__Pedosphaeraceae
e0275fca226f94283c0ec3cf6a287821,0.0,0.0,0.0,0.0,0.0,0.0,3.0,0.0,0.0,0.0,0.0,0.0,0.0,0.0,0.0,0.0,0.0,0.0,0.0,0.0,0.0,0.0,0.0,0.0,0.0,0.0,36.0,0.0,0.0,0.0,0.0,0.0,0.0,0.0,0.0,0.0,0.0,0.0,0.0,0.0,0.0,0.0,D_0__Bacteria; D_1__Verrucomicrobia; D_2__Verrucomicrobiae; D_3__uncultured
f960a197844583bb25c6dbe6a57cdd68,0.0,0.0,0.0,0.0,0.0,0.0,0.0,0.0,7.0,0.0,0.0,0.0,0.0,0.0,0.0,0.0,14.0,0.0,0.0,0.0,0.0,0.0,0.0,0.0,0.0,0.0,0.0,0.0,0.0,0.0,0.0,0.0,0.0,0.0,0.0,0.0,0.0,0.0,0.0,0.0,0.0,0.0,D_0__Bacteria; D_1__Verrucomicrobia; D_2__Verrucomicrobiae; D_3__Verrucomicrobiales; D_4__Rubritaleaceae; D_5__Luteolibacter
56bc9f369fcdaac3138a359ab8bc49fe,6.0,0.0,0.0,0.0,0.0,0.0,0.0,0.0,0.0,0.0,0.0,0.0,0.0,0.0,0.0,23.0,0.0,0.0,12.0,6.0,9.0,0.0,0.0,10.0,38.0,44.0,0.0,31.0,20.0,10.0,0.0,24.0,0.0,0.0,0.0,0.0,0.0,0.0,0.0,0.0,0.0,39.0,D_0__Bacteria; D_1__Verrucomicrobia; D_2__Verrucomicrobiae; D_3__uncultured; D_4__uncultured Opitutae bacterium; D_5__uncultured Opitutae bacterium; D_6__uncultured Opitutae bacterium
358e34acfcb7d69e371ca527b79553a6,0.0,0.0,0.0,0.0,0.0,0.0,0.0,0.0,0.0,0.0,0.0,0.0,0.0,0.0,0.0,0.0,0.0,0.0,0.0,0.0,0.0,0.0,0.0,0.0,0.0,0.0,0.0,0.0,0.0,0.0,0.0,0.0,0.0,0.0,0.0,0.0,0.0,0.0,0.0,5.0,1.0,0.0,D_0__Bacteria; D_1__Verrucomicrobia; D_2__Verrucomicrobiae; D_3__Methylacidiphilales; D_4__Methylacidiphilaceae; D_5__uncultured
a1a8215383eee979dfbda724afe0fd3d,0.0,0.0,0.0,0.0,0.0,0.0,0.0,0.0,0.0,0.0,0.0,0.0,0.0,0.0,0.0,0.0,0.0,0.0,0.0,0.0,0.0,0.0,0.0,0.0,0.0,0.0,0.0,0.0,0.0,0.0,0.0,0.0,0.0,0.0,0.0,0.0,0.0,0.0,0.0,4.0,0.0,0.0,D_0__Bacteria; D_1__Verrucomicrobia; D_2__Verrucomicrobiae; D_3__Chthoniobacterales; D_4__Chthoniobacteraceae; D_5__Candidatus Udaeobacter
e80d00e17d1f264909e365e6427b61eb,0.0,0.0,0.0,0.0,0.0,0.0,0.0,0.0,0.0,0.0,0.0,0.0,0.0,0.0,0.0,0.0,2.0,0.0,0.0,0.0,0.0,0.0,0.0,0.0,0.0,0.0,0.0,0.0,0.0,0.0,0.0,0.0,0.0,0.0,0.0,0.0,0.0,0.0,0.0,0.0,0.0,0.0,D_0__Bacteria; D_1__Verrucomicrobia; D_2__Verrucomicrobiae; D_3__Verrucomicrobiales; D_4__Rubritaleaceae; D_5__Luteolibacter; D_6__uncultured bacterium
b0546a8c6a38415c52d2dc916319d3fd,0.0,0.0,0.0,0.0,0.0,0.0,0.0,0.0,0.0,0.0,0.0,0.0,0.0,0.0,0.0,0.0,0.0,0.0,0.0,0.0,0.0,0.0,0.0,0.0,0.0,0.0,0.0,0.0,0.0,0.0,0.0,0.0,0.0,0.0,0.0,0.0,0.0,0.0,0.0,0.0,0.0,1.0,D_0__Bacteria; D_1__Verrucomicrobia; D_2__Verrucomicrobiae; D_3__Chthoniobacterales; D_4__Chthoniobacteraceae; D_5__Candidatus Udaeobacter; D_6__uncultured Prosthecobacter sp.
a8a9d2cc14c0523766a4ffbdfa0adfca,0.0,0.0,0.0,0.0,0.0,0.0,0.0,0.0,0.0,0.0,0.0,0.0,0.0,0.0,0.0,0.0,0.0,0.0,0.0,0.0,0.0,0.0,0.0,0.0,0.0,0.0,0.0,0.0,0.0,0.0,0.0,0.0,0.0,0.0,3.0,0.0,7.0,5.0,0.0,0.0,2.0,0.0,D_0__Bacteria; D_1__Verrucomicrobia; D_2__Verrucomicrobiae; D_3__Chthoniobacterales; D_4__Chthoniobacteraceae; D_5__Chthoniobacter
03e50ba22448dfa3397e6799ffe4f44b,0.0,0.0,0.0,0.0,0.0,0.0,0.0,0.0,0.0,0.0,0.0,0.0,0.0,0.0,1.0,0.0,0.0,0.0,0.0,0.0,0.0,0.0,0.0,0.0,0.0,0.0,0.0,0.0,0.0,0.0,0.0,0.0,0.0,0.0,0.0,0.0,0.0,0.0,0.0,0.0,0.0,0.0,D_0__Bacteria; D_1__Verrucomicrobia; D_2__Verrucomicrobiae; D_3__Pedosphaerales; D_4__Pedosphaeraceae
8ecb3f28858439922c05f6ef9d3f3be7,0.0,0.0,0.0,0.0,0.0,0.0,0.0,0.0,2.0,0.0,0.0,0.0,0.0,0.0,0.0,0.0,0.0,0.0,0.0,0.0,0.0,0.0,0.0,0.0,0.0,0.0,0.0,0.0,0.0,0.0,0.0,0.0,0.0,0.0,0.0,0.0,0.0,0.0,0.0,0.0,0.0,0.0,D_0__Bacteria; D_1__Verrucomicrobia; D_2__Verrucomicrobiae; D_3__Pedosphaerales; D_4__Pedosphaeraceae; D_5__uncultured bacterium; D_6__uncultured bacterium
16ad0cbcea2320d935c51338a91375c3,0.0,0.0,0.0,0.0,0.0,0.0,0.0,0.0,0.0,0.0,0.0,0.0,0.0,0.0,0.0,0.0,0.0,0.0,0.0,0.0,0.0,0.0,0.0,0.0,0.0,0.0,0.0,0.0,0.0,0.0,0.0,0.0,0.0,0.0,4.0,0.0,0.0,0.0,6.0,0.0,0.0,0.0,D_0__Bacteria; D_1__Verrucomicrobia; D_2__Verrucomicrobiae; D_3__Pedosphaerales; D_4__Pedosphaeraceae
707bd2a6f550e22c7d8c5d03a956110b,0.0,0.0,0.0,0.0,0.0,0.0,0.0,1.0,0.0,0.0,0.0,0.0,0.0,0.0,0.0,0.0,0.0,0.0,0.0,0.0,0.0,0.0,0.0,0.0,0.0,0.0,0.0,0.0,0.0,0.0,0.0,0.0,0.0,0.0,0.0,0.0,0.0,0.0,0.0,0.0,0.0,0.0,D_0__Bacteria; D_1__Verrucomicrobia; D_2__Verrucomicrobiae; D_3__Verrucomicrobiales; D_4__Verrucomicrobiaceae; D_5__uncultured; D_6__uncultured verrucomicrobium DEV006
82321d1e4217de8d3424b9b9e475d4fa,19.0,0.0,0.0,0.0,0.0,0.0,0.0,0.0,0.0,0.0,0.0,0.0,0.0,0.0,0.0,0.0,0.0,0.0,0.0,0.0,0.0,0.0,0.0,0.0,0.0,0.0,0.0,7.0,0.0,0.0,0.0,0.0,0.0,0.0,0.0,0.0,0.0,0.0,0.0,0.0,0.0,0.0,D_0__Bacteria; D_1__Verrucomicrobia; D_2__Verrucomicrobiae; D_3__Chthoniobacterales; D_4__Terrimicrobiaceae; D_5__Terrimicrobium; D_6__uncultured bacterium
f120ef7fdc1d1bc82a59ee02f4fa3683,0.0,4.0,0.0,0.0,0.0,0.0,0.0,0.0,0.0,0.0,0.0,0.0,0.0,0.0,0.0,0.0,0.0,0.0,8.0,10.0,0.0,0.0,0.0,0.0,0.0,0.0,0.0,0.0,0.0,0.0,0.0,0.0,0.0,0.0,0.0,0.0,0.0,0.0,0.0,0.0,0.0,0.0,D_0__Bacteria; D_1__Verrucomicrobia; D_2__Verrucomicrobiae; D_3__Chthoniobacterales; D_4__Chthoniobacteraceae; D_5__Chthoniobacter; D_6__uncultured bacterium
08662ef25017ad8c53e3c7b73a52118f,0.0,0.0,0.0,0.0,0.0,0.0,0.0,0.0,0.0,0.0,0.0,0.0,0.0,0.0,0.0,0.0,0.0,8.0,0.0,0.0,0.0,0.0,0.0,0.0,0.0,0.0,0.0,0.0,0.0,0.0,0.0,0.0,0.0,0.0,0.0,0.0,0.0,0.0,0.0,0.0,0.0,0.0,D_0__Bacteria; D_1__Verrucomicrobia; D_2__Verrucomicrobiae; D_3__uncultured
5a89af83695c8a3dc192769231a498e3,0.0,0.0,0.0,0.0,0.0,0.0,0.0,0.0,0.0,4.0,0.0,0.0,4.0,0.0,0.0,0.0,0.0,0.0,0.0,0.0,0.0,0.0,0.0,0.0,0.0,0.0,0.0,0.0,0.0,0.0,0.0,0.0,0.0,6.0,2.0,0.0,2.0,12.0,0.0,12.0,0.0,0.0,D_0__Bacteria; D_1__Verrucomicrobia; D_2__Verrucomicrobiae; D_3__Opitutales; D_4__Opitutaceae; D_5__Lacunisphaera; D_6__uncultured bacterium
b5f105c1bd62f551957fadb46c40f951,0.0,0.0,0.0,0.0,0.0,0.0,0.0,0.0,0.0,0.0,0.0,0.0,0.0,0.0,0.0,0.0,0.0,0.0,0.0,0.0,0.0,0.0,0.0,0.0,0.0,0.0,0.0,0.0,0.0,0.0,0.0,0.0,5.0,0.0,0.0,0.0,0.0,0.0,0.0,0.0,0.0,0.0,D_0__Bacteria; D_1__Verrucomicrobia; D_2__Verrucomicrobiae; D_3__Chthoniobacterales; D_4__Terrimicrobiaceae; D_5__FukuN18 freshwater group
28b7e7210b786fa388e4db235cc9902d,0.0,0.0,0.0,0.0,0.0,0.0,0.0,0.0,0.0,0.0,0.0,0.0,0.0,0.0,0.0,0.0,0.0,0.0,0.0,0.0,0.0,0.0,0.0,0.0,0.0,0.0,0.0,0.0,0.0,0.0,0.0,0.0,0.0,0.0,1.0,0.0,1.0,0.0,0.0,0.0,0.0,0.0,D_0__Bacteria; D_1__Verrucomicrobia; D_2__Verrucomicrobiae; D_3__Pedosphaerales; D_4__Pedosphaeraceae
d1650e49e8e72171701f45403b740769,0.0,0.0,0.0,0.0,0.0,0.0,0.0,0.0,0.0,11.0,0.0,0.0,0.0,0.0,0.0,0.0,0.0,0.0,0.0,0.0,0.0,0.0,0.0,0.0,0.0,0.0,0.0,0.0,0.0,0.0,0.0,0.0,0.0,0.0,6.0,0.0,0.0,0.0,16.0,0.0,0.0,0.0,D_0__Bacteria; D_1__Verrucomicrobia; D_2__Verrucomicrobiae; D_3__Opitutales; D_4__Opitutaceae; D_5__Lacunisphaera
523ee3b22d261163fdefc774aae34343,0.0,0.0,0.0,0.0,0.0,0.0,0.0,0.0,0.0,0.0,0.0,0.0,0.0,0.0,0.0,0.0,0.0,0.0,0.0,0.0,0.0,0.0,0.0,0.0,0.0,0.0,0.0,0.0,0.0,0.0,0.0,0.0,0.0,0.0,0.0,0.0,0.0,0.0,0.0,0.0,0.0,4.0,D_0__Bacteria; D_1__Verrucomicrobia; D_2__Verrucomicrobiae; D_3__Chthoniobacterales; D_4__Terrimicrobiaceae; D_5__FukuN18 freshwater group; D_6__uncultured Verrucomicrobia bacterium
b4f52ba790a0236b45faf62668d67af8,0.0,0.0,0.0,0.0,0.0,0.0,0.0,0.0,0.0,0.0,0.0,0.0,0.0,0.0,0.0,0.0,0.0,0.0,2.0,6.0,0.0,0.0,0.0,0.0,0.0,0.0,0.0,0.0,0.0,0.0,0.0,0.0,0.0,0.0,0.0,0.0,0.0,0.0,0.0,0.0,0.0,0.0,D_0__Bacteria; D_1__Verrucomicrobia; D_2__Verrucomicrobiae; D_3__Pedosphaerales; D_4__Pedosphaeraceae
f21a6ea4672969d2696228737ec9b2d3,0.0,0.0,0.0,0.0,0.0,0.0,0.0,0.0,0.0,0.0,0.0,0.0,0.0,0.0,0.0,0.0,0.0,0.0,0.0,0.0,0.0,0.0,0.0,0.0,0.0,0.0,0.0,0.0,0.0,0.0,0.0,0.0,0.0,0.0,0.0,0.0,0.0,2.0,0.0,0.0,0.0,0.0,D_0__Bacteria; D_1__Verrucomicrobia; D_2__Verrucomicrobiae; D_3__Chthoniobacterales; D_4__Chthoniobacteraceae; D_5__Chthoniobacter; D_6__uncultured bacterium
f8a2b813af81bcb754cc8cdec447857f,0.0,0.0,0.0,0.0,0.0,0.0,1.0,0.0,0.0,0.0,0.0,0.0,0.0,0.0,0.0,0.0,0.0,0.0,0.0,0.0,0.0,0.0,0.0,0.0,0.0,0.0,0.0,0.0,0.0,0.0,0.0,0.0,0.0,0.0,0.0,0.0,0.0,0.0,0.0,0.0,0.0,0.0,D_0__Bacteria; D_1__Verrucomicrobia; D_2__Verrucomicrobiae; D_3__Pedosphaerales; D_4__Pedosphaeraceae
2df154369f60c447e23f46f29cf943c5,0.0,0.0,0.0,0.0,0.0,0.0,0.0,0.0,0.0,0.0,0.0,0.0,2.0,0.0,0.0,0.0,0.0,0.0,0.0,0.0,0.0,0.0,0.0,0.0,0.0,0.0,0.0,0.0,0.0,0.0,0.0,0.0,0.0,0.0,0.0,0.0,0.0,0.0,0.0,0.0,0.0,0.0,D_0__Bacteria; D_1__Verrucomicrobia; D_2__Verrucomicrobiae; D_3__Pedosphaerales; D_4__Pedosphaeraceae
cae33a7d5f2c2e4efab7a096e71afddf,0.0,0.0,0.0,0.0,0.0,0.0,0.0,0.0,0.0,5.0,0.0,0.0,0.0,0.0,0.0,0.0,0.0,0.0,0.0,0.0,0.0,0.0,0.0,0.0,0.0,0.0,0.0,0.0,0.0,0.0,0.0,0.0,0.0,0.0,0.0,0.0,0.0,0.0,0.0,0.0,1.0,0.0,D_0__Bacteria; D_1__Verrucomicrobia; D_2__Verrucomicrobiae; D_3__Opitutales; D_4__Opitutaceae; D_5__Opitutus
21d11ded952414cd209c6d039f634803,0.0,0.0,0.0,0.0,0.0,0.0,0.0,0.0,0.0,0.0,0.0,0.0,0.0,0.0,0.0,0.0,0.0,0.0,0.0,0.0,0.0,0.0,0.0,0.0,0.0,0.0,0.0,0.0,0.0,0.0,0.0,0.0,0.0,0.0,0.0,0.0,0.0,0.0,2.0,0.0,0.0,0.0,D_0__Bacteria; D_1__Verrucomicrobia; D_2__Verrucomicrobiae; D_3__Chthoniobacterales; D_4__Chthoniobacteraceae; D_5__Chthoniobacter; D_6__Verrucomicrobia bacterium SCGC AG-212-E04
7720f160d60f6042630db6310e78a197,0.0,0.0,1.0,0.0,0.0,0.0,0.0,0.0,0.0,0.0,3.0,0.0,0.0,0.0,0.0,0.0,0.0,0.0,0.0,0.0,0.0,0.0,0.0,0.0,0.0,0.0,0.0,0.0,0.0,0.0,0.0,0.0,0.0,0.0,0.0,0.0,0.0,0.0,0.0,0.0,0.0,0.0,D_0__Bacteria; D_1__Verrucomicrobia; D_2__Verrucomicrobiae; D_3__Chthoniobacterales; D_4__Chthoniobacteraceae; D_5__Chthoniobacter; D_6__uncultured bacterium
ad2e4e2e20cb6c93e0d33f375dd6ce87,0.0,0.0,0.0,0.0,0.0,0.0,0.0,0.0,0.0,0.0,0.0,0.0,0.0,0.0,0.0,0.0,0.0,0.0,0.0,0.0,0.0,0.0,0.0,0.0,0.0,0.0,0.0,0.0,0.0,0.0,0.0,0.0,0.0,0.0,1.0,0.0,0.0,0.0,0.0,2.0,0.0,0.0,D_0__Bacteria; D_1__Verrucomicrobia; D_2__Verrucomicrobiae; D_3__Chthoniobacterales; D_4__Chthoniobacteraceae; D_5__Chthoniobacter
897c3b838eaa6b39dcedbe31ee06a726,0.0,0.0,0.0,0.0,0.0,0.0,0.0,0.0,0.0,0.0,0.0,0.0,0.0,0.0,0.0,0.0,4.0,2.0,0.0,0.0,0.0,0.0,0.0,0.0,0.0,0.0,0.0,0.0,0.0,0.0,0.0,0.0,0.0,0.0,0.0,0.0,0.0,0.0,0.0,0.0,0.0,0.0,D_0__Bacteria; D_1__Verrucomicrobia; D_2__Verrucomicrobiae; D_3__Verrucomicrobiales; D_4__Verrucomicrobiaceae; D_5__uncultured
bfa72c0a6df4dee77a9348d577755e26,0.0,0.0,0.0,0.0,0.0,0.0,0.0,0.0,0.0,0.0,0.0,0.0,0.0,0.0,0.0,0.0,0.0,0.0,0.0,0.0,0.0,0.0,0.0,0.0,0.0,0.0,0.0,0.0,0.0,2.0,0.0,0.0,0.0,0.0,0.0,0.0,0.0,0.0,0.0,0.0,0.0,0.0,D_0__Bacteria; D_1__Verrucomicrobia; D_2__Verrucomicrobiae; D_3__Verrucomicrobiales; D_4__Verrucomicrobiaceae; D_5__Prosthecobacter; D_6__uncultured bacterium
86db4e163d58e48013374444cc84ec95,0.0,0.0,0.0,0.0,0.0,0.0,0.0,0.0,3.0,0.0,0.0,0.0,0.0,0.0,0.0,0.0,0.0,0.0,0.0,0.0,0.0,0.0,0.0,0.0,0.0,0.0,0.0,0.0,0.0,0.0,0.0,0.0,0.0,0.0,0.0,0.0,0.0,0.0,0.0,0.0,0.0,0.0,D_0__Bacteria; D_1__Verrucomicrobia; D_2__Verrucomicrobiae; D_3__Verrucomicrobiales; D_4__Verrucomicrobiaceae; D_5__uncultured
120412ebae583eafc9c60480f44546cc,0.0,0.0,0.0,0.0,0.0,0.0,0.0,0.0,4.0,0.0,0.0,0.0,0.0,0.0,0.0,0.0,0.0,0.0,0.0,0.0,0.0,0.0,0.0,0.0,0.0,0.0,0.0,0.0,0.0,0.0,0.0,0.0,0.0,0.0,0.0,0.0,0.0,0.0,0.0,0.0,0.0,0.0,D_0__Bacteria; D_1__Verrucomicrobia; D_2__Verrucomicrobiae; D_3__Verrucomicrobiales; D_4__Verrucomicrobiaceae
d50ddb56e7b32ca8f542f01ae9c7196a,0.0,0.0,0.0,0.0,0.0,0.0,0.0,0.0,0.0,0.0,0.0,0.0,0.0,0.0,0.0,40.0,0.0,0.0,0.0,0.0,0.0,0.0,0.0,0.0,0.0,0.0,0.0,0.0,0.0,0.0,5.0,3.0,0.0,0.0,0.0,0.0,0.0,0.0,0.0,0.0,0.0,0.0,D_0__Bacteria; D_1__Verrucomicrobia; D_2__Verrucomicrobiae; D_3__Opitutales; D_4__Puniceicoccaceae; D_5__Cerasicoccus; D_6__uncultured bacterium
4245f2a48dc7131b7f69f80b803acfa4,0.0,0.0,0.0,0.0,0.0,0.0,0.0,0.0,0.0,0.0,0.0,0.0,0.0,0.0,0.0,0.0,0.0,0.0,0.0,0.0,0.0,0.0,0.0,0.0,0.0,0.0,0.0,0.0,0.0,0.0,0.0,0.0,0.0,6.0,0.0,0.0,1.0,0.0,0.0,0.0,0.0,0.0,D_0__Bacteria; D_1__Verrucomicrobia; D_2__Verrucomicrobiae; D_3__Pedosphaerales; D_4__Pedosphaeraceae; D_5__metagenome; D_6__metagenome
ae484a4878bd7ebc4ec5b36f19b7183b,0.0,0.0,0.0,0.0,0.0,0.0,0.0,0.0,0.0,0.0,0.0,0.0,0.0,0.0,0.0,0.0,0.0,0.0,0.0,0.0,0.0,0.0,0.0,0.0,0.0,0.0,0.0,0.0,0.0,0.0,0.0,0.0,0.0,0.0,3.0,0.0,0.0,0.0,0.0,0.0,0.0,0.0,D_0__Bacteria; D_1__Verrucomicrobia; D_2__Verrucomicrobiae; D_3__Pedosphaerales; D_4__Pedosphaeraceae; D_5__uncultured verrucomicrobium DEV064; D_6__uncultured verrucomicrobium DEV064
898667b646ab37ee43cdc7cc4dcf3695,0.0,0.0,0.0,0.0,0.0,1.0,0.0,0.0,0.0,0.0,0.0,0.0,0.0,0.0,0.0,0.0,0.0,0.0,0.0,0.0,0.0,0.0,0.0,0.0,0.0,0.0,0.0,0.0,0.0,0.0,0.0,0.0,0.0,0.0,0.0,0.0,0.0,0.0,0.0,0.0,0.0,0.0,D_0__Bacteria; D_1__Verrucomicrobia; D_2__Verrucomicrobiae; D_3__Pedosphaerales; D_4__Pedosphaeraceae; D_5__uncultured verrucomicrobium DEV064; D_6__uncultured verrucomicrobium DEV064
5fa97937c087ce34a2c5ae09d617b9b1,0.0,8.0,0.0,0.0,0.0,0.0,0.0,0.0,17.0,5.0,0.0,0.0,2.0,0.0,0.0,0.0,0.0,0.0,3.0,4.0,0.0,0.0,0.0,4.0,0.0,0.0,0.0,0.0,3.0,0.0,0.0,6.0,44.0,31.0,13.0,46.0,29.0,15.0,24.0,30.0,6.0,0.0,D_0__Bacteria; D_1__Verrucomicrobia; D_2__Verrucomicrobiae; D_3__Pedosphaerales; D_4__Pedosphaeraceae
4202b33be686b4e98e52eb2ad9241f9f,0.0,0.0,0.0,0.0,0.0,0.0,0.0,0.0,0.0,0.0,0.0,5.0,0.0,0.0,0.0,0.0,0.0,0.0,0.0,0.0,0.0,0.0,0.0,0.0,0.0,0.0,0.0,0.0,0.0,0.0,0.0,0.0,0.0,0.0,0.0,0.0,0.0,0.0,0.0,0.0,0.0,0.0,D_0__Bacteria; D_1__Verrucomicrobia; D_2__Verrucomicrobiae; D_3__Pedosphaerales; D_4__Pedosphaeraceae; D_5__uncultured bacterium; D_6__uncultured bacterium
e85f93cc4860d6cf29de2e8a04976034,0.0,0.0,0.0,0.0,0.0,0.0,0.0,0.0,0.0,8.0,0.0,0.0,0.0,0.0,0.0,0.0,0.0,0.0,0.0,0.0,0.0,0.0,0.0,0.0,0.0,0.0,0.0,0.0,0.0,0.0,0.0,0.0,0.0,0.0,1.0,10.0,7.0,0.0,0.0,9.0,0.0,0.0,D_0__Bacteria; D_1__Verrucomicrobia; D_2__Verrucomicrobiae; D_3__Chthoniobacterales; D_4__Chthoniobacteraceae; D_5__Chthoniobacter
159444bc0b813da46a659d21a4d714fe,0.0,0.0,0.0,0.0,0.0,0.0,0.0,0.0,0.0,6.0,0.0,0.0,0.0,0.0,0.0,0.0,0.0,0.0,0.0,0.0,0.0,0.0,0.0,0.0,0.0,0.0,0.0,0.0,0.0,0.0,0.0,0.0,0.0,25.0,8.0,10.0,0.0,0.0,0.0,3.0,6.0,0.0,D_0__Bacteria; D_1__Verrucomicrobia; D_2__Verrucomicrobiae; D_3__Opitutales; D_4__Opitutaceae; D_5__Lacunisphaera
35f245c1bd802d7b4c23ba7637d38188,0.0,0.0,0.0,0.0,0.0,0.0,0.0,0.0,0.0,0.0,0.0,0.0,0.0,0.0,0.0,4.0,0.0,0.0,0.0,0.0,0.0,0.0,0.0,0.0,0.0,0.0,0.0,0.0,0.0,0.0,0.0,0.0,0.0,0.0,0.0,0.0,0.0,0.0,0.0,0.0,0.0,0.0,D_0__Bacteria; D_1__Verrucomicrobia; D_2__Verrucomicrobiae; D_3__Chthoniobacterales; D_4__Chthoniobacteraceae; D_5__Chthoniobacter; D_6__uncultured bacterium
9223830af2e90d43866c981adce75367,0.0,0.0,0.0,0.0,0.0,0.0,0.0,3.0,0.0,0.0,0.0,0.0,0.0,5.0,0.0,0.0,0.0,0.0,8.0,5.0,0.0,0.0,0.0,9.0,10.0,0.0,0.0,0.0,1.0,0.0,0.0,3.0,0.0,0.0,0.0,0.0,0.0,0.0,0.0,0.0,0.0,0.0,D_0__Bacteria; D_1__Verrucomicrobia; D_2__Verrucomicrobiae; D_3__uncultured; D_4__uncultured bacterium; D_5__uncultured bacterium; D_6__uncultured bacterium
2ca89b8cfaba50ef83065c76cfcabaff,0.0,0.0,0.0,0.0,0.0,0.0,0.0,0.0,0.0,0.0,0.0,0.0,0.0,1.0,0.0,0.0,0.0,0.0,0.0,0.0,0.0,0.0,0.0,0.0,0.0,0.0,0.0,0.0,0.0,0.0,0.0,0.0,0.0,0.0,0.0,0.0,0.0,0.0,0.0,0.0,0.0,0.0,D_0__Bacteria; D_1__Verrucomicrobia; D_2__Verrucomicrobiae; D_3__Pedosphaerales; D_4__Pedosphaeraceae; D_5__uncultured bacterium; D_6__uncultured bacterium
c35a6b2972c0b43c6d587fb0018a0a66,5.0,0.0,0.0,0.0,0.0,0.0,0.0,0.0,0.0,0.0,0.0,0.0,0.0,0.0,0.0,0.0,0.0,0.0,0.0,0.0,0.0,0.0,0.0,0.0,0.0,0.0,0.0,0.0,11.0,7.0,0.0,0.0,0.0,0.0,0.0,0.0,0.0,0.0,0.0,0.0,0.0,0.0,D_0__Bacteria; D_1__Verrucomicrobia; D_2__Verrucomicrobiae; D_3__uncultured; D_4__uncultured Opitutae bacterium; D_5__uncultured Opitutae bacterium; D_6__uncultured Opitutae bacterium
3cddbe7d83c9bfedbfb92814249e2bef,0.0,0.0,0.0,0.0,0.0,0.0,0.0,3.0,0.0,0.0,0.0,0.0,0.0,0.0,0.0,0.0,0.0,0.0,0.0,0.0,0.0,0.0,0.0,0.0,0.0,0.0,0.0,0.0,0.0,0.0,0.0,0.0,0.0,0.0,0.0,0.0,0.0,0.0,0.0,1.0,0.0,0.0,D_0__Bacteria; D_1__Verrucomicrobia; D_2__Verrucomicrobiae; D_3__Verrucomicrobiales; D_4__Verrucomicrobiaceae; D_5__uncultured
3f38c238427a9b4b4c16ecc1326e97f5,7.0,0.0,0.0,0.0,0.0,0.0,0.0,0.0,0.0,0.0,0.0,0.0,0.0,0.0,0.0,0.0,0.0,0.0,0.0,0.0,0.0,0.0,0.0,0.0,0.0,0.0,0.0,0.0,0.0,0.0,0.0,0.0,0.0,0.0,0.0,0.0,0.0,0.0,0.0,0.0,0.0,0.0,D_0__Bacteria; D_1__Verrucomicrobia; D_2__Verrucomicrobiae; D_3__Pedosphaerales; D_4__Pedosphaeraceae; D_5__metagenome; D_6__metagenome
4f622d5018294681285a5739df9df335,18.0,0.0,8.0,19.0,55.0,43.0,0.0,19.0,0.0,0.0,0.0,0.0,0.0,0.0,48.0,26.0,0.0,0.0,0.0,0.0,0.0,0.0,0.0,0.0,0.0,3.0,0.0,2.0,0.0,0.0,1.0,10.0,0.0,0.0,0.0,0.0,0.0,0.0,0.0,0.0,3.0,0.0,D_0__Bacteria; D_1__Verrucomicrobia; D_2__Verrucomicrobiae; D_3__Chthoniobacterales; D_4__Terrimicrobiaceae; D_5__Terrimicrobium; D_6__uncultured bacterium
378bd468b1175190e337262d22ca2da2,0.0,0.0,0.0,0.0,0.0,0.0,0.0,0.0,0.0,0.0,0.0,3.0,1.0,0.0,0.0,0.0,0.0,0.0,0.0,0.0,0.0,0.0,0.0,0.0,0.0,0.0,0.0,0.0,0.0,0.0,0.0,0.0,0.0,0.0,0.0,0.0,0.0,0.0,0.0,0.0,0.0,0.0,D_0__Bacteria; D_1__Verrucomicrobia; D_2__Verrucomicrobiae; D_3__Verrucomicrobiales; D_4__Rubritaleaceae; D_5__Luteolibacter; D_6__Verrucomicrobia bacterium SCGC AAA027-I19
8d00dd415418d419f6f1db5d5ce92906,0.0,0.0,0.0,0.0,0.0,0.0,0.0,2.0,0.0,0.0,0.0,0.0,0.0,0.0,0.0,0.0,0.0,0.0,0.0,0.0,0.0,0.0,0.0,0.0,0.0,0.0,0.0,0.0,0.0,0.0,2.0,0.0,0.0,0.0,0.0,0.0,0.0,0.0,0.0,0.0,0.0,0.0,D_0__Bacteria; D_1__Verrucomicrobia; D_2__Verrucomicrobiae; D_3__Opitutales; D_4__Opitutaceae; D_5__IMCC26134; D_6__metagenome
d0aa9b7d13e86a4bfe81f10993bc5753,1.0,0.0,0.0,0.0,0.0,0.0,0.0,0.0,0.0,0.0,0.0,0.0,0.0,0.0,0.0,0.0,0.0,0.0,0.0,0.0,0.0,0.0,0.0,0.0,0.0,0.0,0.0,0.0,0.0,0.0,0.0,0.0,0.0,0.0,0.0,0.0,0.0,0.0,0.0,0.0,0.0,0.0,D_0__Bacteria; D_1__Verrucomicrobia; D_2__Verrucomicrobiae; D_3__Pedosphaerales; D_4__Pedosphaeraceae; D_5__uncultured Crater Lake bacterium CL120-133; D_6__uncultured Crater Lake bacterium CL120-133
dd49e296d154b747719f9ee3cbe044c4,0.0,5.0,0.0,0.0,0.0,0.0,0.0,0.0,0.0,0.0,0.0,0.0,0.0,0.0,0.0,0.0,0.0,0.0,0.0,0.0,0.0,0.0,0.0,0.0,0.0,0.0,0.0,0.0,2.0,0.0,0.0,0.0,0.0,0.0,0.0,0.0,0.0,0.0,0.0,0.0,0.0,0.0,D_0__Bacteria; D_1__Verrucomicrobia; D_2__Verrucomicrobiae; D_3__Pedosphaerales; D_4__Pedosphaeraceae; D_5__uncultured bacterium; D_6__uncultured bacterium
fdf2172092b65ce788eb6249417abff4,0.0,0.0,0.0,0.0,0.0,0.0,0.0,0.0,0.0,0.0,0.0,0.0,0.0,0.0,0.0,1.0,0.0,0.0,0.0,0.0,0.0,0.0,0.0,0.0,0.0,0.0,0.0,0.0,0.0,0.0,0.0,0.0,0.0,0.0,0.0,0.0,0.0,0.0,0.0,0.0,0.0,0.0,D_0__Bacteria; D_1__Verrucomicrobia; D_2__Verrucomicrobiae; D_3__Verrucomicrobiales; D_4__Verrucomicrobiaceae; D_5__uncultured
40fda67af454bd0fa76ca627db1f8cac,3.0,8.0,0.0,0.0,0.0,0.0,0.0,0.0,0.0,0.0,0.0,0.0,0.0,0.0,0.0,0.0,0.0,0.0,0.0,3.0,0.0,0.0,0.0,0.0,0.0,0.0,0.0,0.0,0.0,0.0,0.0,0.0,0.0,0.0,0.0,0.0,0.0,0.0,0.0,0.0,0.0,0.0,D_0__Bacteria; D_1__Verrucomicrobia; D_2__Verrucomicrobiae; D_3__Pedosphaerales; D_4__Pedosphaeraceae; D_5__uncultured bacterium; D_6__uncultured bacterium
f29336f07c60df6e7558b318028549cc,0.0,3.0,25.0,20.0,0.0,0.0,0.0,0.0,0.0,0.0,34.0,0.0,0.0,0.0,0.0,0.0,0.0,0.0,0.0,0.0,0.0,0.0,0.0,0.0,0.0,0.0,0.0,6.0,1.0,0.0,0.0,2.0,0.0,0.0,0.0,0.0,0.0,0.0,0.0,0.0,0.0,0.0,D_0__Bacteria; D_1__Verrucomicrobia; D_2__Verrucomicrobiae; D_3__Pedosphaerales; D_4__Pedosphaeraceae; D_5__metagenome; D_6__metagenome
103bdcbc1eb5ea7462b8f49a7a8dbfd4,1.0,0.0,0.0,0.0,0.0,0.0,0.0,0.0,0.0,0.0,0.0,0.0,0.0,0.0,0.0,0.0,0.0,0.0,0.0,0.0,7.0,0.0,0.0,0.0,0.0,0.0,0.0,2.0,0.0,0.0,0.0,0.0,0.0,0.0,0.0,0.0,0.0,0.0,0.0,0.0,0.0,0.0,D_0__Bacteria; D_1__Verrucomicrobia; D_2__Verrucomicrobiae; D_3__Chthoniobacterales; D_4__Chthoniobacteraceae; D_5__Chthoniobacter; D_6__uncultured bacterium
4cb7ca2bdf65e41f6324ac10e5160606,0.0,0.0,0.0,0.0,0.0,0.0,0.0,0.0,0.0,4.0,0.0,0.0,0.0,0.0,0.0,0.0,0.0,0.0,0.0,0.0,0.0,0.0,0.0,0.0,0.0,0.0,0.0,0.0,0.0,0.0,0.0,0.0,0.0,0.0,0.0,0.0,0.0,0.0,0.0,0.0,0.0,0.0,D_0__Bacteria; D_1__Verrucomicrobia; D_2__Verrucomicrobiae; D_3__Opitutales; D_4__Opitutaceae; D_5__Opitutus; D_6__metagenome
821f26c69e51b06a901c01a97cf4869f,0.0,0.0,0.0,0.0,0.0,0.0,0.0,0.0,0.0,1.0,0.0,0.0,0.0,0.0,0.0,0.0,0.0,0.0,0.0,0.0,0.0,0.0,0.0,0.0,0.0,0.0,0.0,0.0,0.0,0.0,0.0,0.0,0.0,0.0,0.0,0.0,0.0,0.0,0.0,0.0,0.0,0.0,D_0__Bacteria; D_1__Verrucomicrobia; D_2__Verrucomicrobiae; D_3__Pedosphaerales; D_4__Pedosphaeraceae; D_5__metagenome; D_6__metagenome
f9431bfa2ecf5582f3368530f500f360,0.0,0.0,0.0,0.0,0.0,0.0,0.0,0.0,0.0,0.0,0.0,0.0,0.0,0.0,0.0,0.0,0.0,0.0,0.0,0.0,0.0,0.0,0.0,0.0,0.0,0.0,12.0,0.0,0.0,0.0,0.0,0.0,0.0,0.0,0.0,0.0,0.0,0.0,0.0,0.0,0.0,0.0,D_0__Bacteria; D_1__Verrucomicrobia; D_2__Verrucomicrobiae; D_3__Opitutales; D_4__Opitutaceae; D_5__Cephaloticoccus
48e44d7f0b561b30935a67c41c75101d,0.0,0.0,0.0,0.0,0.0,0.0,0.0,0.0,0.0,0.0,0.0,0.0,0.0,0.0,0.0,0.0,0.0,0.0,0.0,0.0,0.0,0.0,0.0,0.0,2.0,0.0,0.0,0.0,0.0,0.0,0.0,0.0,0.0,0.0,0.0,0.0,0.0,0.0,0.0,0.0,0.0,0.0,D_0__Bacteria; D_1__Verrucomicrobia; D_2__Verrucomicrobiae; D_3__Chthoniobacterales; D_4__Chthoniobacteraceae; D_5__Chthoniobacter
1aa45332969575442e0a457ef371669d,0.0,0.0,0.0,0.0,0.0,3.0,0.0,3.0,0.0,0.0,0.0,29.0,20.0,0.0,0.0,0.0,0.0,26.0,0.0,0.0,17.0,0.0,0.0,1.0,5.0,0.0,0.0,0.0,0.0,0.0,0.0,0.0,0.0,0.0,0.0,0.0,0.0,0.0,0.0,0.0,0.0,21.0,D_0__Bacteria; D_1__Verrucomicrobia; D_2__Verrucomicrobiae; D_3__Verrucomicrobiales; D_4__Rubritaleaceae; D_5__Luteolibacter
4499f2c7c57f9db76c1d75f3390588f6,0.0,0.0,0.0,0.0,0.0,0.0,0.0,0.0,0.0,0.0,0.0,0.0,0.0,0.0,1.0,0.0,0.0,0.0,0.0,0.0,0.0,0.0,0.0,0.0,0.0,0.0,0.0,0.0,0.0,0.0,0.0,4.0,0.0,0.0,0.0,0.0,0.0,0.0,0.0,0.0,1.0,0.0,D_0__Bacteria; D_1__Verrucomicrobia; D_2__Verrucomicrobiae; D_3__Pedosphaerales; D_4__Pedosphaeraceae; D_5__uncultured verrucomicrobium DEV059; D_6__uncultured verrucomicrobium DEV059
772c40e3f60240df861dd0db7c56d3b4,0.0,0.0,0.0,0.0,0.0,0.0,0.0,0.0,0.0,0.0,0.0,0.0,0.0,0.0,0.0,0.0,0.0,0.0,0.0,0.0,0.0,0.0,0.0,0.0,0.0,0.0,0.0,0.0,0.0,0.0,0.0,0.0,0.0,0.0,2.0,0.0,0.0,0.0,0.0,0.0,0.0,0.0,D_0__Bacteria; D_1__Verrucomicrobia; D_2__Verrucomicrobiae; D_3__Pedosphaerales; D_4__Pedosphaeraceae
218fa9096a12ecf4535f9998b6d2af45,0.0,0.0,0.0,0.0,0.0,0.0,0.0,0.0,18.0,0.0,0.0,0.0,0.0,0.0,0.0,0.0,0.0,0.0,0.0,0.0,0.0,0.0,0.0,0.0,0.0,0.0,0.0,0.0,0.0,0.0,0.0,0.0,0.0,0.0,0.0,0.0,0.0,0.0,0.0,0.0,0.0,0.0,D_0__Bacteria; D_1__Verrucomicrobia; D_2__Verrucomicrobiae; D_3__Opitutales; D_4__Opitutaceae; D_5__Lacunisphaera
af98dd052edbf41bafe68edbebac7e38,0.0,0.0,0.0,0.0,0.0,0.0,0.0,0.0,0.0,2.0,0.0,0.0,0.0,0.0,0.0,0.0,0.0,0.0,0.0,0.0,0.0,0.0,0.0,0.0,0.0,0.0,0.0,0.0,0.0,0.0,0.0,0.0,0.0,0.0,0.0,0.0,0.0,0.0,0.0,0.0,0.0,0.0,D_0__Bacteria; D_1__Verrucomicrobia; D_2__Verrucomicrobiae; D_3__Methylacidiphilales; D_4__Methylacidiphilaceae; D_5__uncultured; D_6__metagenome
b15aaa0a234486c97bda3de4c002c68e,0.0,0.0,0.0,0.0,0.0,0.0,0.0,0.0,0.0,0.0,0.0,0.0,0.0,0.0,0.0,0.0,0.0,7.0,0.0,0.0,0.0,0.0,0.0,0.0,0.0,0.0,0.0,0.0,0.0,0.0,0.0,0.0,0.0,0.0,0.0,0.0,0.0,0.0,0.0,0.0,0.0,0.0,D_0__Bacteria; D_1__Verrucomicrobia; D_2__Verrucomicrobiae; D_3__Pedosphaerales; D_4__Pedosphaeraceae; D_5__metagenome; D_6__metagenome
a49310ece271b5a30836300bba26d767,0.0,0.0,0.0,0.0,0.0,0.0,0.0,0.0,0.0,0.0,0.0,0.0,0.0,0.0,0.0,0.0,0.0,0.0,0.0,0.0,0.0,0.0,0.0,0.0,0.0,0.0,0.0,0.0,0.0,0.0,0.0,0.0,0.0,0.0,1.0,0.0,0.0,0.0,0.0,0.0,0.0,0.0,D_0__Bacteria; D_1__Verrucomicrobia; D_2__Verrucomicrobiae; D_3__Chthoniobacterales; D_4__Chthoniobacteraceae; D_5__Chthoniobacter; D_6__uncultured bacterium
62f7ecf7d05f92813a3f21b862040dda,0.0,0.0,0.0,0.0,0.0,0.0,0.0,0.0,0.0,0.0,0.0,0.0,0.0,0.0,0.0,0.0,0.0,0.0,0.0,0.0,0.0,0.0,0.0,0.0,0.0,0.0,0.0,0.0,0.0,0.0,0.0,0.0,0.0,2.0,0.0,0.0,2.0,0.0,0.0,0.0,0.0,0.0,D_0__Bacteria; D_1__Verrucomicrobia; D_2__Verrucomicrobiae; D_3__Verrucomicrobiales; D_4__Verrucomicrobiaceae; D_5__Verrucomicrobium
85e3ca42be16f8e2bcdfb52434f135ce,0.0,0.0,0.0,0.0,0.0,0.0,0.0,0.0,0.0,0.0,0.0,0.0,0.0,0.0,0.0,0.0,0.0,13.0,0.0,0.0,11.0,0.0,0.0,0.0,0.0,0.0,0.0,0.0,0.0,0.0,0.0,0.0,0.0,0.0,0.0,0.0,0.0,0.0,0.0,0.0,0.0,0.0,D_0__Bacteria; D_1__Verrucomicrobia; D_2__Verrucomicrobiae; D_3__Pedosphaerales; D_4__Pedosphaeraceae; D_5__uncultured Desulfovibrio sp.; D_6__uncultured Desulfovibrio sp.
f2379bfdfb480f143d16274739f62231,0.0,0.0,0.0,0.0,0.0,0.0,0.0,0.0,0.0,0.0,0.0,0.0,2.0,0.0,0.0,0.0,0.0,0.0,0.0,0.0,0.0,0.0,0.0,0.0,0.0,0.0,0.0,0.0,0.0,0.0,0.0,0.0,0.0,0.0,0.0,0.0,0.0,0.0,0.0,0.0,0.0,0.0,D_0__Bacteria; D_1__Verrucomicrobia; D_2__Verrucomicrobiae; D_3__Verrucomicrobiales; D_4__Verrucomicrobiaceae; D_5__Prosthecobacter
e2b82a3e451a8e43e175bbeb3a56a713,0.0,0.0,5.0,0.0,1.0,0.0,2.0,3.0,0.0,0.0,2.0,0.0,0.0,2.0,0.0,0.0,0.0,0.0,0.0,0.0,0.0,0.0,0.0,0.0,0.0,0.0,0.0,0.0,0.0,0.0,0.0,0.0,0.0,0.0,0.0,0.0,0.0,0.0,0.0,0.0,0.0,0.0,D_0__Bacteria; D_1__Verrucomicrobia; D_2__Verrucomicrobiae; D_3__Verrucomicrobiales; D_4__Verrucomicrobiaceae; D_5__uncultured; D_6__uncultured bacterium
2b59b12eab282e1b24f417f0fe94274c,0.0,0.0,0.0,0.0,0.0,0.0,0.0,0.0,0.0,5.0,0.0,6.0,7.0,0.0,0.0,0.0,0.0,0.0,0.0,0.0,0.0,0.0,0.0,0.0,0.0,0.0,0.0,0.0,0.0,0.0,0.0,0.0,0.0,0.0,3.0,0.0,0.0,0.0,0.0,0.0,0.0,0.0,D_0__Bacteria; D_1__Verrucomicrobia; D_2__Verrucomicrobiae; D_3__Pedosphaerales; D_4__Pedosphaeraceae; D_5__uncultured verrucomicrobium DEV020; D_6__uncultured verrucomicrobium DEV020
bbb38e1ad8869090141fb5c89e9a2615,0.0,0.0,1.0,0.0,0.0,0.0,0.0,2.0,0.0,0.0,0.0,0.0,0.0,2.0,1.0,0.0,0.0,0.0,0.0,0.0,0.0,0.0,0.0,0.0,0.0,0.0,0.0,0.0,0.0,0.0,0.0,0.0,0.0,0.0,0.0,0.0,0.0,0.0,0.0,0.0,2.0,0.0,D_0__Bacteria; D_1__Verrucomicrobia; D_2__Verrucomicrobiae; D_3__Opitutales; D_4__Opitutaceae; D_5__Cephaloticoccus; D_6__uncultured Verrucomicrobia bacterium
75013fc180ed7e89518562e98cc3f675,0.0,0.0,0.0,0.0,0.0,0.0,1.0,0.0,0.0,0.0,0.0,0.0,0.0,0.0,0.0,0.0,0.0,0.0,0.0,0.0,0.0,0.0,0.0,0.0,0.0,0.0,0.0,0.0,0.0,0.0,0.0,0.0,0.0,0.0,0.0,0.0,0.0,0.0,0.0,0.0,0.0,0.0,D_0__Bacteria; D_1__Verrucomicrobia; D_2__Verrucomicrobiae; D_3__Opitutales; D_4__Opitutaceae; D_5__Opitutus
ad00fe3a1a7c71f5ab458fb89ea4feaf,0.0,0.0,0.0,0.0,0.0,0.0,0.0,0.0,0.0,0.0,0.0,0.0,0.0,0.0,0.0,0.0,0.0,0.0,0.0,0.0,0.0,0.0,0.0,0.0,0.0,0.0,0.0,0.0,0.0,0.0,3.0,2.0,0.0,0.0,0.0,0.0,0.0,0.0,0.0,0.0,0.0,0.0,D_0__Bacteria; D_1__Verrucomicrobia; D_2__Verrucomicrobiae; D_3__Verrucomicrobiales; D_4__Verrucomicrobiaceae; D_5__uncultured; D_6__metagenome
e6734e83fa297e7aaaac8d39622f10e4,0.0,0.0,0.0,0.0,0.0,0.0,0.0,0.0,0.0,3.0,0.0,0.0,0.0,0.0,0.0,0.0,0.0,0.0,0.0,0.0,0.0,0.0,0.0,0.0,0.0,0.0,0.0,0.0,0.0,0.0,0.0,0.0,0.0,3.0,0.0,1.0,0.0,0.0,0.0,3.0,0.0,0.0,D_0__Bacteria; D_1__Verrucomicrobia; D_2__Verrucomicrobiae; D_3__Verrucomicrobiales; D_4__Verrucomicrobiaceae; D_5__Prosthecobacter; D_6__uncultured bacterium
49ccb1648fc03b42db10aeb7996f87d3,0.0,0.0,0.0,0.0,0.0,0.0,0.0,0.0,0.0,0.0,0.0,0.0,0.0,0.0,0.0,0.0,0.0,0.0,0.0,0.0,0.0,0.0,0.0,0.0,0.0,0.0,0.0,0.0,0.0,0.0,0.0,0.0,0.0,0.0,0.0,0.0,0.0,0.0,0.0,3.0,0.0,0.0,D_0__Bacteria; D_1__Verrucomicrobia; D_2__Verrucomicrobiae; D_3__Pedosphaerales; D_4__Pedosphaeraceae
35e8f92891757e2c3fc0b41d6fa22be5,0.0,0.0,0.0,0.0,2.0,0.0,0.0,2.0,0.0,0.0,0.0,0.0,0.0,0.0,0.0,0.0,0.0,0.0,0.0,0.0,0.0,0.0,0.0,0.0,0.0,0.0,0.0,0.0,0.0,0.0,0.0,0.0,0.0,0.0,0.0,0.0,0.0,0.0,0.0,0.0,4.0,0.0,D_0__Bacteria; D_1__Verrucomicrobia; D_2__Verrucomicrobiae; D_3__Verrucomicrobiales; D_4__Verrucomicrobiaceae; D_5__Prosthecobacter
1e70ecfed42c39bdc8d7a5cc69f11fb9,0.0,0.0,0.0,0.0,0.0,0.0,3.0,0.0,0.0,0.0,0.0,0.0,0.0,0.0,0.0,0.0,0.0,0.0,0.0,0.0,0.0,0.0,0.0,0.0,0.0,0.0,0.0,0.0,0.0,0.0,0.0,0.0,0.0,0.0,0.0,0.0,0.0,0.0,0.0,0.0,0.0,0.0,D_0__Bacteria; D_1__Verrucomicrobia; D_2__Verrucomicrobiae; D_3__Opitutales; D_4__Opitutaceae
86575f3e129fa6bae260a8d1a0a75a41,0.0,0.0,0.0,0.0,0.0,0.0,0.0,0.0,0.0,0.0,0.0,0.0,0.0,0.0,0.0,0.0,0.0,0.0,1.0,0.0,0.0,0.0,0.0,0.0,0.0,0.0,0.0,0.0,0.0,0.0,0.0,0.0,0.0,0.0,0.0,0.0,0.0,0.0,0.0,0.0,0.0,0.0,D_0__Bacteria; D_1__Verrucomicrobia; D_2__Verrucomicrobiae; D_3__Opitutales; D_4__Opitutaceae; D_5__IMCC26134
6f1adeeee8a3308f328879f432d5141f,0.0,0.0,0.0,0.0,0.0,0.0,0.0,0.0,0.0,2.0,0.0,0.0,0.0,0.0,0.0,0.0,0.0,0.0,0.0,0.0,0.0,0.0,0.0,0.0,0.0,0.0,0.0,0.0,0.0,0.0,0.0,0.0,5.0,0.0,0.0,0.0,0.0,1.0,0.0,0.0,0.0,0.0,D_0__Bacteria; D_1__Verrucomicrobia; D_2__Verrucomicrobiae; D_3__Verrucomicrobiales; D_4__Rubritaleaceae; D_5__Luteolibacter
10166a057eb246be40f50f292924847e,0.0,0.0,0.0,0.0,0.0,0.0,0.0,0.0,0.0,2.0,0.0,0.0,0.0,0.0,0.0,0.0,0.0,0.0,0.0,0.0,0.0,0.0,0.0,0.0,0.0,0.0,0.0,0.0,0.0,0.0,0.0,0.0,0.0,0.0,1.0,0.0,0.0,0.0,0.0,0.0,0.0,0.0,D_0__Bacteria; D_1__Verrucomicrobia; D_2__Verrucomicrobiae; D_3__Chthoniobacterales; D_4__Chthoniobacteraceae; D_5__Candidatus Udaeobacter
a88f20e5316581a013745e290c1b0fe3,0.0,0.0,7.0,0.0,0.0,0.0,0.0,0.0,0.0,0.0,4.0,0.0,0.0,0.0,0.0,0.0,0.0,0.0,4.0,6.0,0.0,0.0,0.0,0.0,0.0,0.0,0.0,0.0,0.0,0.0,0.0,0.0,0.0,0.0,0.0,0.0,0.0,0.0,0.0,0.0,0.0,0.0,D_0__Bacteria; D_1__Verrucomicrobia; D_2__Verrucomicrobiae; D_3__Chthoniobacterales; D_4__Terrimicrobiaceae; D_5__Terrimicrobium; D_6__uncultured bacterium
aab75ad261e73c3f64fad80c22b4e3d8,0.0,0.0,0.0,0.0,0.0,0.0,0.0,0.0,0.0,0.0,0.0,0.0,0.0,0.0,0.0,0.0,0.0,0.0,4.0,4.0,0.0,0.0,0.0,0.0,0.0,0.0,0.0,0.0,0.0,0.0,0.0,0.0,0.0,0.0,0.0,0.0,0.0,0.0,0.0,0.0,0.0,0.0,D_0__Bacteria; D_1__Verrucomicrobia; D_2__Verrucomicrobiae; D_3__uncultured; D_4__uncultured bacterium; D_5__uncultured bacterium; D_6__uncultured bacterium
6a46652144442bfb0e1008e236581436,0.0,0.0,0.0,0.0,0.0,0.0,0.0,0.0,4.0,0.0,0.0,0.0,0.0,0.0,0.0,0.0,0.0,4.0,0.0,0.0,0.0,0.0,0.0,0.0,0.0,0.0,0.0,0.0,0.0,0.0,3.0,0.0,0.0,0.0,0.0,0.0,0.0,0.0,0.0,0.0,0.0,0.0,D_0__Bacteria; D_1__Verrucomicrobia; D_2__Verrucomicrobiae; D_3__Chthoniobacterales; D_4__Chthoniobacteraceae; D_5__Chthoniobacter
d18e9d624d8998002c408f0d07e9862a,0.0,0.0,0.0,0.0,0.0,0.0,0.0,0.0,0.0,0.0,0.0,0.0,0.0,0.0,0.0,0.0,0.0,0.0,0.0,0.0,0.0,0.0,0.0,0.0,0.0,0.0,0.0,0.0,0.0,0.0,0.0,0.0,0.0,0.0,0.0,0.0,0.0,0.0,0.0,0.0,3.0,0.0,D_0__Bacteria; D_1__Verrucomicrobia; D_2__Verrucomicrobiae; D_3__uncultured; D_4__metagenome; D_5__metagenome; D_6__metagenome
4dffc10c6f6534ef7fb60791996f0396,0.0,0.0,0.0,0.0,0.0,0.0,0.0,0.0,0.0,1.0,0.0,0.0,0.0,0.0,0.0,0.0,0.0,0.0,0.0,0.0,0.0,0.0,0.0,0.0,0.0,0.0,0.0,0.0,0.0,0.0,0.0,0.0,0.0,0.0,0.0,0.0,0.0,0.0,0.0,0.0,0.0,0.0,D_0__Bacteria; D_1__Verrucomicrobia; D_2__Verrucomicrobiae; D_3__Pedosphaerales; D_4__Pedosphaeraceae; D_5__uncultured Crater Lake bacterium CL120-133; D_6__uncultured Crater Lake bacterium CL120-133
52d98413878e307f8058fa610274a59d,0.0,0.0,0.0,0.0,0.0,0.0,0.0,1.0,0.0,0.0,0.0,0.0,0.0,0.0,0.0,0.0,0.0,0.0,0.0,0.0,0.0,0.0,0.0,0.0,0.0,0.0,0.0,0.0,0.0,0.0,0.0,0.0,0.0,0.0,0.0,0.0,0.0,0.0,0.0,0.0,0.0,0.0,D_0__Bacteria; D_1__Verrucomicrobia; D_2__Verrucomicrobiae; D_3__Pedosphaerales; D_4__Pedosphaeraceae
722ca2f7dd4cfcfd70770de0b04e21bf,0.0,0.0,0.0,0.0,0.0,0.0,0.0,0.0,0.0,0.0,0.0,0.0,0.0,0.0,0.0,0.0,0.0,0.0,0.0,0.0,0.0,0.0,0.0,0.0,0.0,0.0,0.0,0.0,0.0,0.0,0.0,0.0,0.0,0.0,0.0,0.0,0.0,2.0,0.0,0.0,0.0,0.0,D_0__Bacteria; D_1__Verrucomicrobia; D_2__Verrucomicrobiae; D_3__Pedosphaerales; D_4__Pedosphaeraceae; D_5__bacterium enrichment culture clone auto67_4W; D_6__bacterium enrichment culture clone auto67_4W
f8c6d792d19b93ab8dfb45732764273a,0.0,0.0,0.0,0.0,0.0,0.0,0.0,0.0,0.0,3.0,0.0,0.0,0.0,0.0,0.0,0.0,0.0,0.0,0.0,0.0,0.0,0.0,0.0,0.0,0.0,0.0,0.0,0.0,0.0,0.0,0.0,0.0,0.0,0.0,0.0,0.0,0.0,0.0,0.0,1.0,0.0,0.0,D_0__Bacteria; D_1__Verrucomicrobia; D_2__Verrucomicrobiae; D_3__Pedosphaerales; D_4__Pedosphaeraceae; D_5__uncultured subdivision 3 bacterium; D_6__uncultured subdivision 3 bacterium
140318c59bcb263c7ae99cd0a7484ab9,0.0,0.0,0.0,0.0,0.0,0.0,0.0,0.0,0.0,0.0,0.0,0.0,0.0,0.0,0.0,0.0,5.0,0.0,0.0,0.0,0.0,0.0,0.0,0.0,0.0,0.0,0.0,0.0,0.0,0.0,0.0,0.0,0.0,0.0,0.0,0.0,0.0,0.0,0.0,0.0,0.0,0.0,D_0__Bacteria; D_1__Verrucomicrobia; D_2__Verrucomicrobiae; D_3__Pedosphaerales; D_4__Pedosphaeraceae; D_5__ADurb.Bin063-1
cdcc3afd3d944a689480601359e3c039,0.0,0.0,4.0,0.0,0.0,0.0,2.0,0.0,0.0,0.0,7.0,0.0,0.0,0.0,5.0,0.0,0.0,0.0,0.0,0.0,0.0,0.0,0.0,0.0,0.0,0.0,0.0,0.0,2.0,0.0,0.0,0.0,0.0,0.0,0.0,0.0,0.0,0.0,0.0,0.0,7.0,9.0,D_0__Bacteria; D_1__Verrucomicrobia; D_2__Verrucomicrobiae; D_3__Opitutales; D_4__Opitutaceae
2ccadcae1797043c31914e8e856981bf,0.0,0.0,0.0,0.0,0.0,0.0,0.0,0.0,0.0,0.0,0.0,0.0,0.0,0.0,0.0,0.0,0.0,0.0,0.0,0.0,0.0,0.0,0.0,0.0,0.0,0.0,6.0,0.0,0.0,0.0,0.0,0.0,0.0,0.0,0.0,0.0,0.0,0.0,0.0,0.0,0.0,0.0,D_0__Bacteria; D_1__Verrucomicrobia; D_2__Verrucomicrobiae; D_3__Verrucomicrobiales; D_4__Rubritaleaceae; D_5__Luteolibacter; D_6__Verrucomicrobia bacterium SCGC AAA027-I19
110af1a25622d25331ad5a80e9996fe3,0.0,0.0,0.0,0.0,0.0,0.0,0.0,0.0,15.0,0.0,0.0,0.0,0.0,0.0,0.0,0.0,0.0,0.0,0.0,0.0,0.0,0.0,0.0,0.0,0.0,0.0,0.0,0.0,0.0,0.0,0.0,0.0,0.0,0.0,0.0,0.0,0.0,0.0,0.0,0.0,0.0,0.0,D_0__Bacteria; D_1__Verrucomicrobia; D_2__Verrucomicrobiae; D_3__Opitutales; D_4__Opitutaceae; D_5__Opitutus
8cb3d4997f333e4897d20c6273f06f84,0.0,0.0,0.0,0.0,0.0,0.0,0.0,0.0,0.0,0.0,0.0,0.0,0.0,0.0,0.0,0.0,0.0,0.0,0.0,0.0,0.0,0.0,0.0,0.0,0.0,0.0,0.0,0.0,0.0,0.0,0.0,0.0,6.0,0.0,0.0,0.0,0.0,0.0,0.0,2.0,0.0,0.0,D_0__Bacteria; D_1__Verrucomicrobia; D_2__Verrucomicrobiae; D_3__Pedosphaerales; D_4__Pedosphaeraceae
418a2b59699a7eda352ca210814e0086,0.0,0.0,0.0,0.0,0.0,0.0,0.0,0.0,2.0,0.0,0.0,0.0,0.0,0.0,0.0,0.0,0.0,0.0,0.0,0.0,0.0,0.0,0.0,0.0,0.0,0.0,0.0,0.0,0.0,0.0,0.0,0.0,0.0,0.0,0.0,0.0,0.0,0.0,0.0,0.0,0.0,0.0,D_0__Bacteria; D_1__Verrucomicrobia; D_2__Verrucomicrobiae; D_3__Chthoniobacterales; D_4__Terrimicrobiaceae; D_5__Terrimicrobium; D_6__metagenome
f5db316284d2254f23c7cad29bfa2caf,0.0,0.0,0.0,0.0,0.0,0.0,0.0,0.0,0.0,0.0,0.0,0.0,0.0,0.0,0.0,0.0,0.0,0.0,0.0,0.0,0.0,0.0,0.0,0.0,0.0,0.0,0.0,0.0,2.0,0.0,0.0,0.0,0.0,0.0,0.0,0.0,0.0,0.0,0.0,0.0,0.0,0.0,D_0__Bacteria; D_1__Verrucomicrobia; D_2__Verrucomicrobiae; D_3__Chthoniobacterales; D_4__Chthoniobacteraceae; D_5__Chthoniobacter; D_6__uncultured bacterium
9eb4daf2514a9afaa2b19a77d4db0399,0.0,0.0,0.0,0.0,0.0,0.0,0.0,0.0,0.0,3.0,0.0,0.0,0.0,0.0,0.0,0.0,0.0,0.0,0.0,0.0,0.0,0.0,0.0,0.0,0.0,0.0,0.0,0.0,0.0,32.0,23.0,7.0,0.0,0.0,0.0,0.0,0.0,0.0,0.0,0.0,0.0,0.0,D_0__Bacteria; D_1__Verrucomicrobia; D_2__Verrucomicrobiae; D_3__uncultured; D_4__uncultured Opitutae bacterium; D_5__uncultured Opitutae bacterium; D_6__uncultured Opitutae bacterium
581600b81676b283c0f8b9ce9e1bf365,0.0,0.0,0.0,0.0,0.0,0.0,7.0,0.0,0.0,0.0,0.0,0.0,0.0,0.0,0.0,0.0,0.0,0.0,0.0,0.0,0.0,2.0,0.0,0.0,0.0,0.0,0.0,0.0,0.0,0.0,0.0,0.0,0.0,0.0,0.0,0.0,0.0,0.0,0.0,0.0,0.0,0.0,D_0__Bacteria; D_1__Verrucomicrobia; D_2__Verrucomicrobiae; D_3__Pedosphaerales; D_4__Pedosphaeraceae; D_5__metagenome; D_6__metagenome
7c9f454292d4c13da1c45f58c47098d0,0.0,0.0,0.0,0.0,0.0,0.0,0.0,1.0,0.0,0.0,0.0,3.0,1.0,0.0,0.0,0.0,0.0,0.0,0.0,0.0,0.0,0.0,0.0,0.0,0.0,0.0,0.0,0.0,0.0,0.0,0.0,0.0,7.0,6.0,0.0,0.0,4.0,0.0,0.0,0.0,0.0,0.0,D_0__Bacteria; D_1__Verrucomicrobia; D_2__Verrucomicrobiae; D_3__Chthoniobacterales; D_4__Chthoniobacteraceae; D_5__Chthoniobacter; D_6__uncultured bacterium
03e26155414e1b23f3f9c54eadaaf45a,0.0,0.0,0.0,0.0,0.0,1.0,0.0,0.0,0.0,0.0,0.0,0.0,0.0,0.0,0.0,0.0,0.0,0.0,0.0,0.0,0.0,0.0,0.0,0.0,0.0,0.0,0.0,0.0,0.0,0.0,0.0,0.0,0.0,0.0,0.0,0.0,0.0,0.0,0.0,0.0,0.0,0.0,D_0__Bacteria; D_1__Verrucomicrobia; D_2__Verrucomicrobiae; D_3__Chthoniobacterales; D_4__Chthoniobacteraceae; D_5__Chthoniobacter; D_6__uncultured bacterium
00eadf05eb979eaeaedce5bc86dc77ef,0.0,0.0,0.0,0.0,0.0,0.0,0.0,0.0,0.0,0.0,0.0,0.0,0.0,0.0,0.0,0.0,0.0,0.0,0.0,0.0,0.0,0.0,0.0,0.0,0.0,0.0,0.0,0.0,0.0,0.0,0.0,0.0,0.0,0.0,0.0,0.0,0.0,0.0,0.0,0.0,2.0,0.0,D_0__Bacteria; D_1__Verrucomicrobia; D_2__Verrucomicrobiae; D_3__Verrucomicrobiales; D_4__Verrucomicrobiaceae; D_5__uncultured; D_6__uncultured bacterium
a56647b812e192e97e47e0da77055c02,0.0,0.0,1.0,2.0,0.0,0.0,0.0,0.0,0.0,0.0,0.0,0.0,0.0,0.0,0.0,0.0,0.0,0.0,0.0,0.0,0.0,0.0,0.0,0.0,0.0,0.0,0.0,0.0,1.0,0.0,0.0,0.0,0.0,0.0,0.0,0.0,0.0,0.0,0.0,0.0,0.0,0.0,D_0__Bacteria; D_1__Verrucomicrobia; D_2__Verrucomicrobiae; D_3__Opitutales; D_4__Opitutaceae; D_5__uncultured; D_6__metagenome
d985c003014265470bf1b678a7a7d186,0.0,0.0,0.0,0.0,0.0,0.0,0.0,0.0,0.0,0.0,0.0,0.0,0.0,0.0,0.0,0.0,0.0,0.0,0.0,0.0,0.0,0.0,0.0,0.0,0.0,0.0,0.0,0.0,0.0,0.0,0.0,0.0,0.0,0.0,2.0,0.0,0.0,2.0,0.0,0.0,0.0,0.0,D_0__Bacteria; D_1__Verrucomicrobia; D_2__Verrucomicrobiae; D_3__Pedosphaerales; D_4__Pedosphaeraceae
eadb989cb6d2078c41c917570da51590,0.0,0.0,0.0,0.0,0.0,0.0,0.0,0.0,0.0,0.0,0.0,0.0,0.0,0.0,0.0,0.0,0.0,0.0,0.0,0.0,0.0,0.0,0.0,0.0,0.0,0.0,0.0,0.0,0.0,0.0,0.0,0.0,0.0,0.0,0.0,0.0,9.0,13.0,0.0,0.0,0.0,0.0,D_0__Bacteria; D_1__Verrucomicrobia; D_2__Verrucomicrobiae; D_3__Pedosphaerales; D_4__Pedosphaeraceae
452f8b97434b4307c2fa6604d2505a5e,0.0,0.0,3.0,0.0,16.0,0.0,0.0,0.0,0.0,0.0,0.0,0.0,0.0,0.0,0.0,0.0,0.0,0.0,7.0,0.0,0.0,0.0,0.0,0.0,0.0,0.0,0.0,0.0,0.0,0.0,0.0,0.0,0.0,0.0,0.0,0.0,0.0,0.0,0.0,0.0,0.0,0.0,D_0__Bacteria; D_1__Verrucomicrobia; D_2__Verrucomicrobiae; D_3__Verrucomicrobiales; D_4__Rubritaleaceae; D_5__Luteolibacter; D_6__uncultured Verrucomicrobiales bacterium
7fd2011d365f860ab50b71d00ce19b52,0.0,0.0,0.0,0.0,2.0,0.0,0.0,0.0,0.0,0.0,0.0,0.0,0.0,0.0,0.0,0.0,0.0,0.0,0.0,0.0,0.0,0.0,0.0,0.0,0.0,0.0,0.0,0.0,0.0,0.0,0.0,0.0,0.0,0.0,0.0,0.0,0.0,0.0,0.0,0.0,0.0,0.0,D_0__Bacteria; D_1__Verrucomicrobia; D_2__Verrucomicrobiae; D_3__Pedosphaerales; D_4__Pedosphaeraceae
4ad8b6d4eedc32b7b87887de737c75e7,0.0,0.0,0.0,0.0,0.0,0.0,2.0,0.0,0.0,0.0,0.0,0.0,0.0,0.0,0.0,0.0,0.0,0.0,0.0,0.0,0.0,0.0,0.0,0.0,0.0,0.0,0.0,0.0,1.0,0.0,0.0,0.0,0.0,0.0,0.0,0.0,0.0,0.0,0.0,0.0,0.0,0.0,D_0__Bacteria; D_1__Verrucomicrobia; D_2__Verrucomicrobiae; D_3__Pedosphaerales; D_4__Pedosphaeraceae; D_5__uncultured Verrucomicrobia bacterium; D_6__uncultured Verrucomicrobia bacterium
f4ff7f76850896c5c1bcd6931261882c,0.0,0.0,0.0,0.0,0.0,0.0,0.0,0.0,0.0,0.0,0.0,0.0,0.0,0.0,0.0,0.0,0.0,0.0,0.0,0.0,0.0,0.0,0.0,0.0,0.0,0.0,0.0,0.0,0.0,0.0,0.0,0.0,0.0,0.0,4.0,8.0,4.0,0.0,0.0,0.0,0.0,0.0,D_0__Bacteria; D_1__Verrucomicrobia; D_2__Verrucomicrobiae; D_3__S-BQ2-57 soil group; D_4__uncultured Verrucomicrobia bacterium; D_5__uncultured Verrucomicrobia bacterium; D_6__uncultured Verrucomicrobia bacterium
cbe5b99184744938bbdb386295c4788b,0.0,0.0,0.0,0.0,0.0,0.0,0.0,0.0,0.0,0.0,0.0,0.0,0.0,0.0,0.0,0.0,0.0,0.0,0.0,0.0,0.0,0.0,0.0,0.0,0.0,0.0,0.0,0.0,0.0,0.0,0.0,0.0,0.0,0.0,0.0,0.0,0.0,0.0,0.0,0.0,1.0,0.0,D_0__Bacteria; D_1__Verrucomicrobia; D_2__Verrucomicrobiae; D_3__Chthoniobacterales; D_4__Chthoniobacteraceae; D_5__Candidatus Udaeobacter
6743d86267388e74225887defac3e471,0.0,13.0,0.0,0.0,0.0,0.0,0.0,0.0,0.0,0.0,0.0,0.0,0.0,0.0,0.0,0.0,0.0,0.0,0.0,0.0,0.0,0.0,0.0,0.0,0.0,0.0,0.0,0.0,0.0,3.0,5.0,0.0,0.0,0.0,0.0,0.0,0.0,0.0,0.0,0.0,0.0,0.0,D_0__Bacteria; D_1__Verrucomicrobia; D_2__Verrucomicrobiae; D_3__Pedosphaerales; D_4__Pedosphaeraceae; D_5__uncultured bacterium; D_6__uncultured bacterium
678888b5ee6cf3405626e1ea4846be42,0.0,0.0,0.0,0.0,0.0,0.0,0.0,0.0,0.0,0.0,0.0,0.0,0.0,0.0,0.0,0.0,0.0,0.0,0.0,0.0,0.0,0.0,0.0,0.0,0.0,0.0,0.0,0.0,23.0,0.0,0.0,0.0,0.0,0.0,0.0,0.0,0.0,0.0,0.0,0.0,0.0,0.0,D_0__Bacteria; D_1__Verrucomicrobia; D_2__Verrucomicrobiae; D_3__Chthoniobacterales; D_4__Terrimicrobiaceae; D_5__FukuN18 freshwater group; D_6__metagenome
160e693243c349014bb0f7d71d4b7196,0.0,0.0,0.0,0.0,0.0,0.0,0.0,0.0,0.0,0.0,0.0,0.0,0.0,0.0,0.0,0.0,0.0,0.0,0.0,0.0,0.0,0.0,0.0,0.0,0.0,0.0,0.0,0.0,0.0,0.0,0.0,0.0,0.0,0.0,0.0,0.0,0.0,0.0,0.0,0.0,0.0,15.0,D_0__Bacteria; D_1__Verrucomicrobia; D_2__Verrucomicrobiae; D_3__Chthoniobacterales; D_4__Chthoniobacteraceae; D_5__Chthoniobacter; D_6__uncultured bacterium
7b3bf59a5f52e3c6568a89ec8237dd9c,0.0,0.0,0.0,0.0,0.0,0.0,0.0,0.0,0.0,0.0,0.0,0.0,0.0,0.0,0.0,0.0,0.0,0.0,0.0,0.0,0.0,0.0,0.0,0.0,0.0,0.0,0.0,0.0,0.0,1.0,0.0,0.0,0.0,0.0,0.0,0.0,0.0,0.0,0.0,0.0,0.0,0.0,D_0__Bacteria; D_1__Verrucomicrobia; D_2__Verrucomicrobiae; D_3__Pedosphaerales; D_4__Pedosphaeraceae; D_5__uncultured soil bacterium; D_6__uncultured soil bacterium
1b78e6939d06ba84dd2570781b901727,0.0,0.0,0.0,0.0,0.0,0.0,0.0,0.0,0.0,0.0,0.0,0.0,0.0,0.0,0.0,0.0,0.0,0.0,0.0,0.0,0.0,0.0,0.0,0.0,0.0,0.0,0.0,0.0,0.0,0.0,0.0,0.0,0.0,0.0,0.0,0.0,0.0,0.0,0.0,13.0,0.0,0.0,D_0__Bacteria; D_1__Verrucomicrobia; D_2__Verrucomicrobiae; D_3__Opitutales; D_4__Opitutaceae; D_5__Opitutus
bc0aa0ec1563c85cf96a25017891192a,0.0,0.0,0.0,0.0,1.0,0.0,0.0,0.0,0.0,0.0,0.0,0.0,0.0,0.0,0.0,0.0,0.0,4.0,13.0,9.0,5.0,0.0,0.0,8.0,7.0,0.0,0.0,3.0,0.0,0.0,0.0,1.0,0.0,0.0,0.0,0.0,0.0,0.0,0.0,0.0,0.0,0.0,D_0__Bacteria; D_1__Verrucomicrobia; D_2__Verrucomicrobiae; D_3__Pedosphaerales; D_4__Pedosphaeraceae; D_5__uncultured Crater Lake bacterium CL120-133; D_6__uncultured Crater Lake bacterium CL120-133
6c28f17d82e10456a828b93dfad04a6c,0.0,0.0,0.0,0.0,0.0,0.0,9.0,0.0,0.0,0.0,0.0,0.0,0.0,0.0,0.0,0.0,0.0,0.0,0.0,0.0,0.0,0.0,0.0,0.0,0.0,0.0,0.0,0.0,0.0,0.0,0.0,0.0,0.0,0.0,0.0,0.0,0.0,0.0,0.0,0.0,0.0,0.0,D_0__Bacteria; D_1__Verrucomicrobia; D_2__Verrucomicrobiae; D_3__Opitutales; D_4__Opitutaceae
53e083983b7b51df4c06054c28e497de,0.0,0.0,0.0,0.0,0.0,0.0,0.0,0.0,0.0,0.0,0.0,0.0,0.0,0.0,0.0,0.0,0.0,0.0,0.0,0.0,0.0,0.0,0.0,0.0,0.0,0.0,0.0,0.0,0.0,0.0,0.0,0.0,0.0,0.0,0.0,0.0,0.0,2.0,0.0,0.0,0.0,0.0,D_0__Bacteria; D_1__Verrucomicrobia; D_2__Verrucomicrobiae; D_3__Pedosphaerales; D_4__Pedosphaeraceae
06bf2f40b08a9406d92b517feec463f0,0.0,0.0,0.0,0.0,0.0,0.0,0.0,0.0,0.0,0.0,0.0,4.0,0.0,0.0,0.0,0.0,0.0,0.0,1.0,0.0,0.0,0.0,0.0,3.0,0.0,0.0,0.0,3.0,1.0,0.0,0.0,0.0,0.0,0.0,0.0,0.0,0.0,0.0,0.0,0.0,0.0,0.0,D_0__Bacteria; D_1__Verrucomicrobia; D_2__Verrucomicrobiae; D_3__Verrucomicrobiales; D_4__Verrucomicrobiaceae; D_5__uncultured; D_6__uncultured bacterium
642d71d15ee5a8398071748ae5081d4d,0.0,0.0,0.0,0.0,0.0,0.0,0.0,0.0,0.0,0.0,2.0,0.0,0.0,0.0,0.0,0.0,0.0,0.0,0.0,0.0,0.0,0.0,0.0,0.0,0.0,0.0,0.0,0.0,0.0,0.0,0.0,0.0,0.0,0.0,0.0,0.0,0.0,0.0,0.0,0.0,0.0,0.0,D_0__Bacteria; D_1__Verrucomicrobia; D_2__Verrucomicrobiae; D_3__Verrucomicrobiales; D_4__Rubritaleaceae; D_5__Luteolibacter
920d0b35d4c80ecb6bbe3577eede10a3,1.0,0.0,0.0,0.0,3.0,3.0,0.0,0.0,0.0,0.0,0.0,0.0,0.0,0.0,0.0,0.0,0.0,0.0,0.0,0.0,0.0,0.0,0.0,0.0,0.0,0.0,0.0,0.0,0.0,0.0,0.0,0.0,0.0,0.0,0.0,0.0,0.0,0.0,0.0,0.0,0.0,0.0,D_0__Bacteria; D_1__Verrucomicrobia; D_2__Verrucomicrobiae; D_3__Chthoniobacterales; D_4__Terrimicrobiaceae; D_5__FukuN18 freshwater group
5852ce31a517416a948edb3cbff5d881,0.0,0.0,0.0,0.0,0.0,0.0,0.0,0.0,0.0,0.0,0.0,0.0,0.0,0.0,0.0,0.0,0.0,0.0,1.0,0.0,0.0,0.0,0.0,0.0,0.0,0.0,0.0,0.0,0.0,0.0,0.0,0.0,0.0,0.0,0.0,0.0,0.0,0.0,0.0,0.0,0.0,0.0,D_0__Bacteria; D_1__Verrucomicrobia; D_2__Verrucomicrobiae; D_3__Verrucomicrobiales; D_4__Verrucomicrobiaceae; D_5__uncultured; D_6__uncultured verrucomicrobium DEV006
be2270104a67caba391c92bf55171b27,0.0,0.0,0.0,0.0,0.0,0.0,0.0,0.0,0.0,0.0,0.0,0.0,0.0,0.0,0.0,0.0,0.0,0.0,0.0,0.0,0.0,0.0,0.0,0.0,0.0,0.0,0.0,0.0,0.0,0.0,0.0,0.0,7.0,0.0,0.0,0.0,0.0,0.0,0.0,0.0,0.0,0.0,D_0__Bacteria; D_1__Verrucomicrobia; D_2__Verrucomicrobiae; D_3__Pedosphaerales; D_4__Pedosphaeraceae
d1846621d56307859a8d6c6bf12e33cd,0.0,0.0,9.0,14.0,11.0,40.0,2.0,1.0,5.0,0.0,17.0,0.0,0.0,63.0,37.0,0.0,23.0,0.0,0.0,1.0,0.0,24.0,40.0,0.0,0.0,11.0,0.0,0.0,0.0,0.0,0.0,0.0,0.0,0.0,0.0,0.0,0.0,0.0,0.0,0.0,28.0,0.0,D_0__Bacteria; D_1__Verrucomicrobia; D_2__Verrucomicrobiae; D_3__uncultured
149519aa60674012ad6a5576a3541c15,0.0,0.0,0.0,0.0,0.0,0.0,0.0,0.0,0.0,0.0,0.0,0.0,0.0,0.0,0.0,0.0,0.0,0.0,0.0,0.0,0.0,0.0,0.0,0.0,0.0,0.0,0.0,0.0,0.0,0.0,0.0,0.0,3.0,0.0,0.0,0.0,0.0,0.0,0.0,0.0,0.0,0.0,D_0__Bacteria; D_1__Verrucomicrobia; D_2__Verrucomicrobiae; D_3__Pedosphaerales; D_4__Pedosphaeraceae; D_5__uncultured bacterium; D_6__uncultured bacterium
2d51eee954d47bb2f71665bd2691bb94,0.0,0.0,0.0,0.0,0.0,0.0,0.0,0.0,0.0,0.0,0.0,0.0,1.0,0.0,0.0,0.0,0.0,0.0,0.0,0.0,0.0,0.0,0.0,0.0,0.0,0.0,0.0,0.0,0.0,0.0,0.0,0.0,0.0,6.0,0.0,0.0,0.0,0.0,6.0,0.0,0.0,0.0,D_0__Bacteria; D_1__Verrucomicrobia; D_2__Verrucomicrobiae; D_3__Chthoniobacterales; D_4__Chthoniobacteraceae; D_5__Candidatus Udaeobacter
0593aa262f25c3073c9ff9ff3a895f88,0.0,0.0,2.0,0.0,0.0,0.0,5.0,0.0,0.0,0.0,6.0,0.0,0.0,14.0,0.0,0.0,0.0,0.0,0.0,0.0,0.0,7.0,9.0,0.0,0.0,0.0,0.0,0.0,0.0,0.0,0.0,0.0,0.0,0.0,0.0,0.0,0.0,0.0,0.0,0.0,0.0,11.0,D_0__Bacteria; D_1__Verrucomicrobia; D_2__Verrucomicrobiae; D_3__uncultured
7c845ee547bde3add7f91ecbb847f9ce,6.0,0.0,0.0,0.0,0.0,0.0,0.0,0.0,0.0,0.0,0.0,0.0,0.0,0.0,0.0,0.0,0.0,0.0,0.0,0.0,0.0,0.0,0.0,0.0,0.0,0.0,0.0,0.0,0.0,5.0,2.0,0.0,0.0,0.0,0.0,0.0,0.0,0.0,0.0,0.0,0.0,0.0,D_0__Bacteria; D_1__Verrucomicrobia; D_2__Verrucomicrobiae; D_3__Opitutales; D_4__Puniceicoccaceae; D_5__Cerasicoccus; D_6__uncultured bacterium
291cda31bffa8a7aa0132e50ebd9b32e,0.0,0.0,0.0,0.0,0.0,0.0,0.0,0.0,0.0,0.0,0.0,0.0,0.0,0.0,0.0,0.0,0.0,0.0,0.0,0.0,0.0,0.0,0.0,0.0,0.0,1.0,0.0,0.0,0.0,0.0,0.0,0.0,0.0,0.0,0.0,0.0,0.0,0.0,0.0,0.0,0.0,0.0,D_0__Bacteria; D_1__Verrucomicrobia; D_2__Verrucomicrobiae; D_3__Pedosphaerales; D_4__Pedosphaeraceae; D_5__uncultured bacterium; D_6__uncultured bacterium
b74109e20bb2c7a89b6b48f9570721bb,0.0,0.0,1.0,0.0,0.0,0.0,0.0,0.0,0.0,0.0,0.0,0.0,0.0,0.0,0.0,0.0,0.0,0.0,0.0,0.0,0.0,0.0,0.0,0.0,0.0,0.0,0.0,0.0,0.0,0.0,0.0,0.0,0.0,0.0,0.0,0.0,0.0,0.0,0.0,0.0,0.0,0.0,D_0__Bacteria; D_1__Verrucomicrobia; D_2__Verrucomicrobiae; D_3__Pedosphaerales; D_4__Pedosphaeraceae; D_5__uncultured bacterium; D_6__uncultured bacterium
3b75371c9bbc5ca9cde3bb4d2c240afd,0.0,0.0,0.0,0.0,0.0,0.0,0.0,0.0,0.0,0.0,0.0,0.0,0.0,0.0,0.0,0.0,0.0,0.0,0.0,0.0,0.0,0.0,0.0,0.0,0.0,0.0,0.0,0.0,0.0,0.0,0.0,0.0,0.0,0.0,0.0,0.0,14.0,19.0,14.0,0.0,0.0,0.0,D_0__Bacteria; D_1__Verrucomicrobia; D_2__Verrucomicrobiae; D_3__Opitutales; D_4__Opitutaceae; D_5__Opitutus
024193c243cd31301b6de18d7e333930,0.0,0.0,0.0,0.0,0.0,0.0,0.0,0.0,0.0,0.0,0.0,0.0,0.0,0.0,0.0,0.0,0.0,0.0,0.0,0.0,0.0,0.0,0.0,0.0,0.0,0.0,4.0,0.0,0.0,0.0,0.0,0.0,0.0,0.0,0.0,0.0,0.0,0.0,0.0,0.0,0.0,0.0,D_0__Bacteria; D_1__Verrucomicrobia; D_2__Verrucomicrobiae; D_3__Pedosphaerales; D_4__Pedosphaeraceae; D_5__metagenome; D_6__metagenome
45381ddfe450515c7c16aa0cae69e61d,0.0,0.0,0.0,0.0,0.0,0.0,0.0,0.0,0.0,0.0,0.0,0.0,0.0,0.0,0.0,0.0,7.0,0.0,0.0,0.0,0.0,0.0,0.0,0.0,0.0,0.0,0.0,0.0,0.0,0.0,0.0,0.0,0.0,0.0,0.0,0.0,0.0,0.0,0.0,0.0,0.0,0.0,D_0__Bacteria; D_1__Verrucomicrobia; D_2__Verrucomicrobiae; D_3__Verrucomicrobiales; D_4__Verrucomicrobiaceae; D_5__uncultured
f86b13f82186d880d3bb145153479c21,0.0,0.0,0.0,0.0,0.0,0.0,0.0,0.0,0.0,0.0,0.0,0.0,0.0,0.0,0.0,0.0,0.0,1.0,0.0,0.0,0.0,0.0,0.0,0.0,0.0,0.0,0.0,0.0,0.0,0.0,0.0,0.0,0.0,0.0,0.0,0.0,0.0,0.0,0.0,0.0,0.0,0.0,D_0__Bacteria; D_1__Verrucomicrobia; D_2__Verrucomicrobiae; D_3__Verrucomicrobiales; D_4__Akkermansiaceae; D_5__Akkermansia; D_6__uncultured Verrucomicrobia bacterium
58b2cbb7ed0cb73f399485d35ba952d6,0.0,0.0,0.0,0.0,0.0,0.0,0.0,17.0,0.0,0.0,0.0,0.0,0.0,0.0,0.0,0.0,0.0,0.0,0.0,0.0,0.0,0.0,0.0,0.0,0.0,0.0,0.0,0.0,0.0,0.0,0.0,0.0,0.0,0.0,0.0,0.0,0.0,0.0,0.0,0.0,0.0,0.0,D_0__Bacteria; D_1__Verrucomicrobia; D_2__Verrucomicrobiae; D_3__Chthoniobacterales; D_4__Chthoniobacteraceae; D_5__Chthoniobacter; D_6__uncultured bacterium
d185fd325996f96d566a28b426095b7f,0.0,0.0,0.0,0.0,0.0,0.0,0.0,0.0,0.0,0.0,0.0,0.0,0.0,0.0,0.0,0.0,0.0,0.0,0.0,0.0,0.0,0.0,0.0,0.0,0.0,0.0,0.0,0.0,0.0,2.0,1.0,0.0,4.0,0.0,0.0,0.0,0.0,0.0,0.0,0.0,0.0,0.0,D_0__Bacteria; D_1__Verrucomicrobia; D_2__Verrucomicrobiae; D_3__Chthoniobacterales; D_4__Chthoniobacteraceae; D_5__Chthoniobacter
c3902089c457f56949540e47dae34dda,0.0,0.0,0.0,0.0,0.0,0.0,0.0,0.0,0.0,0.0,0.0,0.0,0.0,0.0,0.0,2.0,0.0,0.0,0.0,0.0,0.0,0.0,0.0,0.0,0.0,0.0,0.0,0.0,0.0,0.0,0.0,0.0,0.0,0.0,0.0,0.0,0.0,0.0,0.0,0.0,0.0,0.0,D_0__Bacteria; D_1__Verrucomicrobia; D_2__Verrucomicrobiae; D_3__Pedosphaerales; D_4__Pedosphaeraceae
d8b66f2293acd8eb868b3c5627745ef9,0.0,0.0,0.0,0.0,0.0,0.0,0.0,1.0,0.0,0.0,0.0,6.0,8.0,0.0,0.0,0.0,0.0,0.0,0.0,0.0,0.0,0.0,0.0,0.0,0.0,0.0,0.0,0.0,0.0,0.0,2.0,0.0,0.0,0.0,1.0,0.0,0.0,0.0,0.0,0.0,0.0,0.0,D_0__Bacteria; D_1__Verrucomicrobia; D_2__Verrucomicrobiae; D_3__Opitutales; D_4__Opitutaceae; D_5__Lacunisphaera
698d3fa0dde541f644e570eb403563f6,0.0,0.0,0.0,0.0,0.0,0.0,0.0,0.0,0.0,0.0,0.0,0.0,0.0,0.0,0.0,0.0,0.0,0.0,0.0,0.0,0.0,0.0,0.0,3.0,0.0,0.0,0.0,0.0,0.0,1.0,0.0,6.0,0.0,0.0,0.0,0.0,0.0,0.0,0.0,0.0,8.0,0.0,D_0__Bacteria; D_1__Verrucomicrobia; D_2__Verrucomicrobiae; D_3__Verrucomicrobiales; D_4__Verrucomicrobiaceae; D_5__uncultured
00e2a2cff2b158fcda33ae9adcd4a1f7,0.0,0.0,0.0,0.0,0.0,0.0,0.0,0.0,0.0,0.0,0.0,0.0,0.0,0.0,0.0,0.0,0.0,0.0,0.0,0.0,0.0,0.0,0.0,0.0,0.0,0.0,0.0,0.0,0.0,0.0,0.0,0.0,0.0,0.0,0.0,0.0,0.0,2.0,0.0,0.0,0.0,0.0,D_0__Bacteria; D_1__Verrucomicrobia; D_2__Verrucomicrobiae; D_3__Pedosphaerales; D_4__Pedosphaeraceae; D_5__uncultured verrucomicrobium DEV059; D_6__uncultured verrucomicrobium DEV059
b05074e3587691fd3e8265e5fbbf5fcf,0.0,0.0,0.0,0.0,0.0,0.0,0.0,0.0,0.0,0.0,0.0,0.0,0.0,0.0,0.0,0.0,0.0,0.0,0.0,0.0,0.0,0.0,0.0,0.0,0.0,0.0,0.0,0.0,0.0,0.0,0.0,0.0,0.0,0.0,0.0,0.0,0.0,0.0,0.0,0.0,1.0,0.0,D_0__Bacteria; D_1__Verrucomicrobia; D_2__Verrucomicrobiae; D_3__Pedosphaerales; D_4__Pedosphaeraceae
e1849783128402e6f93a724853ccac26,0.0,0.0,0.0,0.0,0.0,0.0,0.0,0.0,0.0,0.0,0.0,0.0,0.0,0.0,0.0,0.0,0.0,0.0,1.0,0.0,0.0,0.0,0.0,0.0,0.0,0.0,0.0,9.0,4.0,0.0,0.0,0.0,0.0,0.0,0.0,0.0,0.0,0.0,0.0,0.0,0.0,0.0,D_0__Bacteria; D_1__Verrucomicrobia; D_2__Verrucomicrobiae; D_3__uncultured; D_4__uncultured Opitutae bacterium; D_5__uncultured Opitutae bacterium; D_6__uncultured Opitutae bacterium
9b8f3032b0b864cacae3b468faf437b9,0.0,0.0,0.0,0.0,0.0,0.0,0.0,0.0,0.0,0.0,0.0,0.0,0.0,0.0,0.0,0.0,0.0,0.0,0.0,0.0,0.0,0.0,0.0,0.0,0.0,0.0,0.0,0.0,0.0,0.0,0.0,0.0,0.0,0.0,0.0,0.0,0.0,1.0,0.0,0.0,0.0,0.0,D_0__Bacteria; D_1__Verrucomicrobia; D_2__Verrucomicrobiae; D_3__Methylacidiphilales; D_4__Methylacidiphilaceae; D_5__uncultured; D_6__uncultured bacterium
31a16fc49475093f47ca1cc0ed2eef28,0.0,0.0,0.0,0.0,0.0,0.0,0.0,0.0,0.0,0.0,0.0,0.0,0.0,0.0,0.0,0.0,0.0,0.0,0.0,0.0,0.0,0.0,0.0,0.0,0.0,0.0,0.0,0.0,0.0,0.0,1.0,0.0,0.0,0.0,0.0,0.0,0.0,0.0,0.0,0.0,0.0,0.0,D_0__Bacteria; D_1__Verrucomicrobia; D_2__Verrucomicrobiae; D_3__Pedosphaerales; D_4__Pedosphaeraceae
3c0d687327d2cee2fe69583c65d9efc5,0.0,0.0,0.0,0.0,0.0,2.0,0.0,7.0,0.0,0.0,0.0,5.0,8.0,0.0,4.0,0.0,0.0,0.0,0.0,0.0,0.0,0.0,0.0,0.0,0.0,0.0,0.0,0.0,0.0,0.0,0.0,0.0,0.0,0.0,0.0,0.0,0.0,0.0,0.0,0.0,2.0,0.0,D_0__Bacteria; D_1__Verrucomicrobia; D_2__Verrucomicrobiae; D_3__Verrucomicrobiales; D_4__Rubritaleaceae; D_5__Luteolibacter
f4695ee01d628f4eb72facedd2b6cc04,0.0,0.0,0.0,0.0,0.0,0.0,0.0,0.0,0.0,0.0,0.0,0.0,0.0,0.0,0.0,0.0,0.0,0.0,0.0,0.0,0.0,0.0,0.0,0.0,0.0,0.0,0.0,0.0,0.0,0.0,0.0,0.0,0.0,0.0,0.0,0.0,0.0,0.0,0.0,3.0,0.0,0.0,D_0__Bacteria; D_1__Verrucomicrobia; D_2__Verrucomicrobiae; D_3__Chthoniobacterales; D_4__Chthoniobacteraceae; D_5__Candidatus Udaeobacter
3068aa1eae97c2b3e227f6be54e2306b,1.0,18.0,0.0,0.0,0.0,0.0,0.0,0.0,0.0,0.0,0.0,0.0,0.0,0.0,0.0,0.0,0.0,0.0,2.0,0.0,0.0,0.0,0.0,9.0,0.0,0.0,0.0,3.0,6.0,0.0,0.0,0.0,0.0,0.0,0.0,0.0,0.0,0.0,0.0,0.0,0.0,0.0,D_0__Bacteria; D_1__Verrucomicrobia; D_2__Verrucomicrobiae; D_3__Pedosphaerales; D_4__Pedosphaeraceae
30451f666aa021d81d9a4c57554e2399,0.0,0.0,0.0,0.0,0.0,0.0,0.0,0.0,0.0,0.0,0.0,0.0,0.0,0.0,0.0,0.0,0.0,0.0,0.0,0.0,0.0,0.0,0.0,2.0,0.0,0.0,0.0,0.0,0.0,0.0,0.0,0.0,0.0,0.0,0.0,0.0,0.0,0.0,0.0,0.0,0.0,0.0,D_0__Bacteria; D_1__Verrucomicrobia; D_2__Verrucomicrobiae; D_3__Opitutales; D_4__Opitutaceae
a1666118f9322b32b3f1408deb55ff34,0.0,0.0,0.0,0.0,0.0,0.0,2.0,0.0,0.0,0.0,0.0,0.0,0.0,0.0,0.0,0.0,0.0,0.0,0.0,0.0,0.0,6.0,20.0,0.0,0.0,0.0,0.0,0.0,0.0,0.0,0.0,0.0,0.0,0.0,0.0,0.0,0.0,0.0,0.0,0.0,0.0,0.0,D_0__Bacteria; D_1__Verrucomicrobia; D_2__Verrucomicrobiae; D_3__Verrucomicrobiales; D_4__Rubritaleaceae; D_5__Luteolibacter
2130278dae9e28e1aea217ba3f466ff0,0.0,0.0,0.0,12.0,0.0,0.0,6.0,0.0,0.0,0.0,3.0,0.0,0.0,0.0,0.0,4.0,0.0,0.0,0.0,0.0,0.0,16.0,29.0,8.0,9.0,5.0,0.0,5.0,2.0,2.0,8.0,5.0,0.0,0.0,0.0,0.0,0.0,0.0,0.0,0.0,0.0,0.0,D_0__Bacteria; D_1__Verrucomicrobia; D_2__Verrucomicrobiae; D_3__Opitutales; D_4__Opitutaceae; D_5__Cephaloticoccus
4e24e57e6b3346600685c5ba3d996d55,0.0,0.0,0.0,0.0,0.0,0.0,0.0,0.0,0.0,0.0,0.0,0.0,0.0,0.0,0.0,0.0,0.0,0.0,0.0,0.0,0.0,0.0,0.0,1.0,0.0,0.0,0.0,0.0,0.0,0.0,0.0,0.0,0.0,0.0,0.0,0.0,0.0,0.0,0.0,0.0,0.0,0.0,D_0__Bacteria; D_1__Verrucomicrobia; D_2__Verrucomicrobiae; D_3__Chthoniobacterales; D_4__Chthoniobacteraceae; D_5__Chthoniobacter; D_6__uncultured bacterium
b8aa0a08ea72d8598149cad43cbba3ce,0.0,0.0,0.0,0.0,0.0,0.0,0.0,0.0,0.0,0.0,0.0,0.0,0.0,0.0,0.0,0.0,0.0,0.0,0.0,0.0,0.0,0.0,0.0,0.0,0.0,0.0,0.0,0.0,0.0,0.0,0.0,0.0,0.0,0.0,0.0,0.0,0.0,0.0,8.0,0.0,0.0,0.0,D_0__Bacteria; D_1__Verrucomicrobia; D_2__Verrucomicrobiae; D_3__Opitutales; D_4__Opitutaceae; D_5__IMCC26134
205cadd9cf5c3432627b1dfe7f9fd957,0.0,0.0,0.0,0.0,0.0,0.0,0.0,0.0,0.0,0.0,0.0,0.0,0.0,0.0,0.0,0.0,0.0,0.0,0.0,0.0,0.0,0.0,0.0,0.0,0.0,0.0,0.0,0.0,0.0,0.0,0.0,0.0,0.0,0.0,0.0,0.0,0.0,3.0,0.0,0.0,0.0,0.0,D_0__Bacteria; D_1__Verrucomicrobia; D_2__Verrucomicrobiae; D_3__Opitutales; D_4__Opitutaceae; D_5__IMCC26134; D_6__metagenome
de9ecb6e0b12682e550a5a26d10a1c34,0.0,0.0,0.0,0.0,0.0,0.0,0.0,0.0,0.0,0.0,0.0,0.0,0.0,0.0,0.0,0.0,0.0,0.0,0.0,0.0,0.0,0.0,2.0,0.0,0.0,0.0,0.0,0.0,0.0,0.0,0.0,0.0,0.0,0.0,0.0,0.0,0.0,0.0,0.0,0.0,0.0,0.0,D_0__Bacteria; D_1__Verrucomicrobia; D_2__Verrucomicrobiae; D_3__Pedosphaerales; D_4__Pedosphaeraceae; D_5__uncultured bacterium; D_6__uncultured bacterium
7e0c0f88fbc47959dbe3378481ca7248,0.0,0.0,0.0,0.0,0.0,0.0,0.0,0.0,0.0,0.0,0.0,0.0,0.0,0.0,0.0,0.0,0.0,0.0,0.0,0.0,0.0,0.0,0.0,0.0,0.0,0.0,0.0,0.0,0.0,0.0,1.0,0.0,0.0,0.0,0.0,0.0,0.0,0.0,0.0,0.0,0.0,0.0,D_0__Bacteria; D_1__Verrucomicrobia; D_2__Verrucomicrobiae; D_3__Pedosphaerales; D_4__Pedosphaeraceae
0e38ac0a3e125cf41e5f67a3e0da4a2a,0.0,0.0,0.0,0.0,0.0,0.0,0.0,0.0,0.0,0.0,0.0,0.0,0.0,0.0,0.0,0.0,0.0,0.0,0.0,0.0,0.0,0.0,0.0,0.0,0.0,0.0,0.0,0.0,0.0,0.0,0.0,0.0,0.0,0.0,3.0,0.0,0.0,0.0,0.0,0.0,0.0,0.0,D_0__Bacteria; D_1__Verrucomicrobia; D_2__Verrucomicrobiae; D_3__Opitutales; D_4__Opitutaceae; D_5__IMCC26134; D_6__metagenome
c9dac1b01afbcbb851165547387c3f11,0.0,0.0,0.0,0.0,0.0,0.0,0.0,0.0,19.0,0.0,0.0,0.0,0.0,0.0,0.0,0.0,0.0,0.0,0.0,0.0,0.0,1.0,0.0,0.0,2.0,0.0,20.0,0.0,0.0,0.0,0.0,0.0,0.0,15.0,14.0,0.0,17.0,17.0,13.0,0.0,0.0,0.0,D_0__Bacteria; D_1__Verrucomicrobia; D_2__Verrucomicrobiae; D_3__Pedosphaerales; D_4__Pedosphaeraceae
e8accbbab64dba2fe98edb7072796cc5,0.0,0.0,0.0,0.0,0.0,0.0,0.0,0.0,0.0,0.0,0.0,0.0,0.0,0.0,0.0,0.0,0.0,0.0,0.0,0.0,0.0,0.0,0.0,0.0,0.0,0.0,0.0,0.0,0.0,0.0,0.0,0.0,0.0,0.0,3.0,0.0,0.0,0.0,0.0,0.0,0.0,0.0,D_0__Bacteria; D_1__Verrucomicrobia; D_2__Verrucomicrobiae; D_3__Chthoniobacterales; D_4__Chthoniobacteraceae; D_5__Candidatus Udaeobacter
6f2244e5f9b507cb5df5a817ae1a8302,9.0,30.0,13.0,10.0,4.0,5.0,48.0,16.0,0.0,0.0,20.0,0.0,0.0,11.0,0.0,0.0,0.0,6.0,9.0,5.0,9.0,34.0,0.0,25.0,22.0,3.0,0.0,13.0,15.0,4.0,10.0,7.0,0.0,0.0,0.0,0.0,0.0,0.0,0.0,0.0,1.0,0.0,D_0__Bacteria; D_1__Verrucomicrobia; D_2__Verrucomicrobiae; D_3__Pedosphaerales; D_4__Pedosphaeraceae; D_5__bacterium SH3-11; D_6__bacterium SH3-11
315cfa49f71651123837bd29a6f5ffc4,0.0,0.0,0.0,0.0,0.0,0.0,0.0,0.0,0.0,3.0,0.0,0.0,2.0,0.0,0.0,0.0,0.0,0.0,0.0,0.0,0.0,0.0,0.0,0.0,0.0,0.0,0.0,0.0,0.0,0.0,0.0,0.0,0.0,0.0,0.0,0.0,0.0,0.0,0.0,0.0,0.0,0.0,D_0__Bacteria; D_1__Verrucomicrobia; D_2__Verrucomicrobiae; D_3__Pedosphaerales; D_4__Pedosphaeraceae
31c10dc8f10983cc9325a87798f94806,0.0,0.0,0.0,0.0,0.0,0.0,0.0,0.0,0.0,0.0,2.0,0.0,0.0,0.0,0.0,0.0,0.0,0.0,0.0,1.0,5.0,0.0,0.0,0.0,0.0,0.0,0.0,0.0,0.0,0.0,0.0,0.0,0.0,0.0,0.0,0.0,0.0,0.0,0.0,0.0,0.0,0.0,D_0__Bacteria; D_1__Verrucomicrobia; D_2__Verrucomicrobiae; D_3__Pedosphaerales; D_4__Pedosphaeraceae
d21dc13368a7a8203e32c9a8c8ba77d8,0.0,0.0,0.0,0.0,0.0,0.0,0.0,0.0,0.0,10.0,0.0,10.0,14.0,0.0,0.0,0.0,0.0,0.0,0.0,0.0,0.0,0.0,0.0,0.0,0.0,0.0,0.0,0.0,0.0,0.0,0.0,0.0,0.0,0.0,0.0,0.0,0.0,0.0,0.0,0.0,0.0,0.0,D_0__Bacteria; D_1__Verrucomicrobia; D_2__Verrucomicrobiae; D_3__Chthoniobacterales; D_4__Chthoniobacteraceae; D_5__Chthoniobacter
d4b1be6fbad2c3887e1bf8a84dd8e43e,0.0,0.0,0.0,0.0,0.0,0.0,0.0,0.0,0.0,0.0,0.0,0.0,0.0,0.0,0.0,0.0,0.0,0.0,0.0,0.0,4.0,0.0,0.0,0.0,0.0,0.0,0.0,0.0,0.0,0.0,0.0,0.0,0.0,0.0,0.0,0.0,0.0,0.0,0.0,0.0,0.0,0.0,D_0__Bacteria; D_1__Verrucomicrobia; D_2__Verrucomicrobiae; D_3__Chthoniobacterales; D_4__Terrimicrobiaceae; D_5__FukuN18 freshwater group
f188a70a84d8fc0c23c92f6ca6b7ebbc,0.0,0.0,0.0,0.0,0.0,0.0,0.0,0.0,0.0,0.0,0.0,0.0,7.0,0.0,0.0,0.0,0.0,0.0,0.0,0.0,0.0,0.0,0.0,0.0,0.0,0.0,0.0,0.0,0.0,0.0,0.0,0.0,0.0,0.0,0.0,0.0,0.0,0.0,0.0,0.0,0.0,0.0,D_0__Bacteria; D_1__Verrucomicrobia; D_2__Verrucomicrobiae; D_3__Pedosphaerales; D_4__Pedosphaeraceae
0930a5128a6be2d764aad2426e81999f,0.0,0.0,0.0,0.0,0.0,0.0,0.0,0.0,0.0,0.0,0.0,0.0,0.0,0.0,0.0,0.0,0.0,0.0,1.0,1.0,0.0,0.0,0.0,0.0,0.0,0.0,0.0,0.0,0.0,0.0,0.0,0.0,0.0,0.0,0.0,0.0,0.0,0.0,0.0,0.0,0.0,0.0,D_0__Bacteria; D_1__Verrucomicrobia; D_2__Verrucomicrobiae; D_3__Pedosphaerales; D_4__Pedosphaeraceae; D_5__uncultured Crater Lake bacterium CL120-133; D_6__uncultured Crater Lake bacterium CL120-133
32913b04372bb32fb90019e6cc175f57,0.0,1.0,0.0,0.0,0.0,0.0,0.0,0.0,0.0,0.0,0.0,0.0,0.0,0.0,0.0,0.0,0.0,0.0,0.0,0.0,0.0,0.0,0.0,0.0,0.0,0.0,0.0,0.0,0.0,0.0,0.0,0.0,0.0,0.0,0.0,0.0,0.0,0.0,0.0,0.0,0.0,0.0,D_0__Bacteria; D_1__Verrucomicrobia; D_2__Verrucomicrobiae; D_3__Pedosphaerales; D_4__Pedosphaeraceae; D_5__uncultured bacterium; D_6__uncultured bacterium
2437fda68fd398d7dfe49872d473b954,0.0,0.0,0.0,0.0,0.0,0.0,0.0,0.0,0.0,0.0,0.0,0.0,0.0,0.0,0.0,0.0,0.0,0.0,0.0,0.0,0.0,0.0,0.0,0.0,0.0,0.0,0.0,0.0,0.0,0.0,0.0,0.0,0.0,0.0,1.0,0.0,0.0,0.0,0.0,0.0,0.0,0.0,D_0__Bacteria; D_1__Verrucomicrobia; D_2__Verrucomicrobiae; D_3__Pedosphaerales; D_4__Pedosphaeraceae
3e4544affce5e3a03f192ebca880405c,0.0,0.0,0.0,0.0,0.0,0.0,0.0,0.0,0.0,0.0,0.0,0.0,0.0,0.0,0.0,0.0,0.0,0.0,0.0,0.0,0.0,0.0,0.0,0.0,0.0,0.0,0.0,0.0,0.0,0.0,0.0,0.0,0.0,0.0,1.0,0.0,0.0,0.0,0.0,0.0,0.0,0.0,D_0__Bacteria; D_1__Verrucomicrobia; D_2__Verrucomicrobiae; D_3__Pedosphaerales; D_4__Pedosphaeraceae; D_5__Pedosphaera; D_6__uncultured bacterium
8486668584650c491a5e6ffb7ada8c4f,10.0,0.0,0.0,0.0,0.0,0.0,0.0,0.0,0.0,0.0,0.0,0.0,0.0,0.0,0.0,0.0,0.0,0.0,0.0,0.0,0.0,0.0,0.0,5.0,0.0,30.0,0.0,4.0,0.0,28.0,24.0,19.0,0.0,0.0,0.0,0.0,0.0,0.0,0.0,0.0,0.0,0.0,D_0__Bacteria; D_1__Verrucomicrobia; D_2__Verrucomicrobiae; D_3__uncultured
dae419cf18948c47a7b21fd9c2364c8d,0.0,0.0,0.0,0.0,0.0,0.0,0.0,0.0,0.0,0.0,0.0,0.0,0.0,0.0,0.0,0.0,20.0,0.0,0.0,0.0,0.0,0.0,0.0,0.0,0.0,0.0,0.0,0.0,0.0,0.0,0.0,0.0,0.0,0.0,0.0,0.0,0.0,0.0,0.0,0.0,0.0,0.0,D_0__Bacteria; D_1__Verrucomicrobia; D_2__Verrucomicrobiae; D_3__Verrucomicrobiales; D_4__Verrucomicrobiaceae
59b5d1d62ec8d10e2139c4542546cbdf,0.0,0.0,0.0,0.0,0.0,0.0,0.0,0.0,0.0,0.0,0.0,0.0,1.0,0.0,0.0,0.0,0.0,0.0,0.0,0.0,0.0,0.0,0.0,0.0,0.0,0.0,0.0,0.0,0.0,0.0,0.0,0.0,0.0,0.0,0.0,0.0,0.0,0.0,0.0,0.0,0.0,0.0,D_0__Bacteria; D_1__Verrucomicrobia; D_2__Verrucomicrobiae
ea50b177e430a2a06cc268273de60416,0.0,0.0,19.0,23.0,0.0,0.0,0.0,0.0,0.0,0.0,0.0,0.0,0.0,2.0,0.0,0.0,0.0,0.0,0.0,0.0,0.0,0.0,0.0,0.0,0.0,0.0,0.0,0.0,0.0,0.0,0.0,0.0,0.0,0.0,0.0,0.0,0.0,0.0,0.0,0.0,0.0,0.0,D_0__Bacteria; D_1__Verrucomicrobia; D_2__Verrucomicrobiae; D_3__Chthoniobacterales; D_4__Terrimicrobiaceae; D_5__FukuN18 freshwater group; D_6__uncultured bacterium
8e5290f29ad28178cbd9c9582ed610c1,0.0,0.0,0.0,0.0,0.0,0.0,0.0,0.0,0.0,0.0,0.0,0.0,0.0,0.0,0.0,0.0,0.0,0.0,0.0,0.0,0.0,0.0,0.0,0.0,0.0,0.0,0.0,0.0,0.0,0.0,0.0,0.0,0.0,0.0,1.0,0.0,0.0,0.0,0.0,0.0,0.0,0.0,D_0__Bacteria; D_1__Verrucomicrobia; D_2__Verrucomicrobiae; D_3__Verrucomicrobiales; D_4__Rubritaleaceae; D_5__Luteolibacter
2ebe18acbc9c0ef2e4cc24e6557b78aa,0.0,0.0,0.0,0.0,0.0,0.0,0.0,0.0,0.0,0.0,0.0,2.0,0.0,0.0,0.0,0.0,0.0,0.0,0.0,0.0,0.0,0.0,0.0,0.0,0.0,0.0,0.0,0.0,0.0,0.0,0.0,0.0,0.0,0.0,0.0,0.0,0.0,0.0,0.0,0.0,0.0,0.0,D_0__Bacteria; D_1__Verrucomicrobia; D_2__Verrucomicrobiae; D_3__Opitutales; D_4__Opitutaceae; D_5__uncultured; D_6__uncultured Verrucomicrobia bacterium
f79f0430017aaa96d8634cd6212c46ff,0.0,0.0,0.0,0.0,0.0,0.0,0.0,0.0,0.0,0.0,0.0,0.0,0.0,0.0,0.0,0.0,0.0,0.0,0.0,0.0,0.0,0.0,0.0,0.0,1.0,0.0,0.0,0.0,0.0,0.0,0.0,0.0,0.0,0.0,0.0,0.0,0.0,0.0,0.0,0.0,6.0,0.0,D_0__Bacteria; D_1__Verrucomicrobia; D_2__Verrucomicrobiae; D_3__Verrucomicrobiales; D_4__Verrucomicrobiaceae; D_5__uncultured
fcaf27af04e456db2b0df34560e0a7db,0.0,0.0,0.0,0.0,0.0,0.0,0.0,0.0,0.0,0.0,0.0,0.0,0.0,0.0,0.0,0.0,0.0,0.0,0.0,0.0,0.0,0.0,0.0,0.0,0.0,0.0,0.0,0.0,0.0,0.0,0.0,0.0,0.0,0.0,0.0,0.0,0.0,0.0,0.0,0.0,1.0,0.0,D_0__Bacteria; D_1__Verrucomicrobia; D_2__Verrucomicrobiae; D_3__Opitutales; D_4__Opitutaceae
65c3268f54fb5c5e0daac1bc159bb594,0.0,0.0,0.0,0.0,0.0,0.0,0.0,0.0,4.0,0.0,0.0,0.0,0.0,0.0,0.0,0.0,0.0,0.0,0.0,0.0,0.0,0.0,0.0,0.0,0.0,0.0,0.0,0.0,0.0,0.0,0.0,0.0,0.0,0.0,0.0,0.0,0.0,0.0,0.0,0.0,0.0,0.0,D_0__Bacteria; D_1__Verrucomicrobia; D_2__Verrucomicrobiae; D_3__Chthoniobacterales; D_4__Chthoniobacteraceae; D_5__Chthoniobacter
50be1cc8e0a17ff2c871418fce496b49,0.0,0.0,0.0,0.0,0.0,0.0,0.0,0.0,0.0,0.0,0.0,0.0,0.0,0.0,0.0,0.0,0.0,0.0,0.0,0.0,0.0,0.0,0.0,2.0,1.0,0.0,0.0,0.0,1.0,0.0,0.0,0.0,0.0,0.0,0.0,0.0,0.0,0.0,0.0,0.0,0.0,0.0,D_0__Bacteria; D_1__Verrucomicrobia; D_2__Verrucomicrobiae; D_3__Opitutales; D_4__Opitutaceae; D_5__Opitutus; D_6__metagenome
4220371c55e7f00c50f8631e0de9bf33,0.0,0.0,0.0,0.0,0.0,0.0,0.0,0.0,0.0,0.0,0.0,0.0,0.0,0.0,0.0,0.0,0.0,0.0,0.0,2.0,0.0,0.0,0.0,0.0,0.0,0.0,0.0,0.0,0.0,0.0,0.0,0.0,0.0,0.0,0.0,0.0,0.0,0.0,0.0,0.0,0.0,0.0,D_0__Bacteria; D_1__Verrucomicrobia; D_2__Verrucomicrobiae; D_3__uncultured; D_4__uncultured Opitutae bacterium; D_5__uncultured Opitutae bacterium; D_6__uncultured Opitutae bacterium
feae08080074243344a12135bb67ed48,0.0,0.0,0.0,0.0,0.0,0.0,0.0,4.0,0.0,9.0,0.0,16.0,10.0,0.0,0.0,0.0,7.0,0.0,1.0,0.0,0.0,0.0,0.0,0.0,0.0,0.0,0.0,0.0,2.0,2.0,0.0,0.0,0.0,0.0,4.0,0.0,0.0,0.0,0.0,0.0,3.0,0.0,D_0__Bacteria; D_1__Verrucomicrobia; D_2__Verrucomicrobiae; D_3__Pedosphaerales; D_4__Pedosphaeraceae; D_5__uncultured Verrucomicrobia bacterium; D_6__uncultured Verrucomicrobia bacterium
f08ccf545d92c6c50e4576aa7f303ec0,0.0,0.0,0.0,0.0,0.0,0.0,0.0,0.0,0.0,1.0,0.0,0.0,0.0,0.0,0.0,0.0,0.0,0.0,0.0,0.0,0.0,0.0,0.0,0.0,0.0,0.0,0.0,0.0,0.0,0.0,0.0,0.0,0.0,0.0,0.0,0.0,0.0,0.0,0.0,0.0,0.0,0.0,D_0__Bacteria; D_1__Verrucomicrobia; D_2__Verrucomicrobiae; D_3__Pedosphaerales; D_4__Pedosphaeraceae
1e96dfb861b10ebc8c4a706ccd850e3e,0.0,0.0,0.0,0.0,0.0,0.0,0.0,0.0,0.0,0.0,0.0,0.0,1.0,0.0,0.0,0.0,5.0,0.0,0.0,0.0,0.0,0.0,0.0,0.0,0.0,0.0,0.0,0.0,0.0,0.0,0.0,0.0,0.0,0.0,0.0,0.0,0.0,0.0,0.0,0.0,0.0,0.0,D_0__Bacteria; D_1__Verrucomicrobia; D_2__Verrucomicrobiae; D_3__Chthoniobacterales; D_4__Chthoniobacteraceae; D_5__Chthoniobacter
37757be3ed682a9ff7f4d22792e99e8a,0.0,0.0,0.0,0.0,0.0,0.0,0.0,0.0,0.0,0.0,0.0,0.0,4.0,0.0,0.0,0.0,0.0,0.0,0.0,0.0,0.0,0.0,0.0,0.0,3.0,0.0,0.0,0.0,0.0,0.0,0.0,0.0,0.0,0.0,0.0,0.0,0.0,0.0,0.0,0.0,0.0,0.0,D_0__Bacteria; D_1__Verrucomicrobia; D_2__Verrucomicrobiae; D_3__Opitutales; D_4__Opitutaceae; D_5__IMCC26134; D_6__Verrucomicrobia bacterium IMCC26134
ca3a23e08569cf875944dac81527e3c4,0.0,0.0,0.0,0.0,0.0,0.0,0.0,0.0,0.0,0.0,0.0,0.0,0.0,0.0,2.0,0.0,3.0,0.0,0.0,0.0,0.0,0.0,0.0,0.0,0.0,0.0,0.0,0.0,0.0,0.0,0.0,0.0,0.0,0.0,0.0,0.0,0.0,0.0,0.0,0.0,0.0,0.0,D_0__Bacteria; D_1__Verrucomicrobia; D_2__Verrucomicrobiae; D_3__Chthoniobacterales; D_4__Chthoniobacteraceae; D_5__Chthoniobacter
58bb48df7989a99d51e465c49b0f075f,10.0,1.0,0.0,0.0,0.0,0.0,0.0,0.0,0.0,0.0,0.0,0.0,0.0,0.0,0.0,0.0,0.0,0.0,9.0,17.0,22.0,0.0,0.0,0.0,0.0,0.0,0.0,4.0,0.0,0.0,0.0,0.0,0.0,0.0,0.0,0.0,0.0,0.0,0.0,0.0,0.0,0.0,D_0__Bacteria; D_1__Verrucomicrobia; D_2__Verrucomicrobiae; D_3__Pedosphaerales; D_4__Pedosphaeraceae; D_5__uncultured verrucomicrobium DEV064; D_6__uncultured verrucomicrobium DEV064
43ac058a40b7f42680519b2450a38ee4,0.0,0.0,0.0,0.0,0.0,2.0,2.0,3.0,0.0,0.0,0.0,0.0,0.0,0.0,0.0,0.0,0.0,0.0,0.0,0.0,0.0,0.0,0.0,0.0,0.0,0.0,0.0,0.0,0.0,0.0,0.0,0.0,0.0,0.0,0.0,0.0,0.0,0.0,0.0,0.0,0.0,0.0,D_0__Bacteria; D_1__Verrucomicrobia; D_2__Verrucomicrobiae; D_3__Chthoniobacterales; D_4__Chthoniobacteraceae; D_5__Chthoniobacter; D_6__uncultured bacterium
4c87523f07695269d1e32dc3c5acbdd5,0.0,0.0,0.0,0.0,0.0,0.0,0.0,8.0,0.0,0.0,0.0,0.0,0.0,0.0,0.0,0.0,0.0,0.0,0.0,0.0,0.0,0.0,0.0,0.0,0.0,0.0,0.0,0.0,0.0,0.0,0.0,0.0,0.0,0.0,0.0,0.0,0.0,0.0,0.0,0.0,0.0,0.0,D_0__Bacteria; D_1__Verrucomicrobia; D_2__Verrucomicrobiae; D_3__Chthoniobacterales; D_4__Chthoniobacteraceae; D_5__Chthoniobacter
72ff06d7d5fb8729cf51f402d70f9053,0.0,4.0,0.0,0.0,0.0,0.0,0.0,0.0,0.0,0.0,0.0,0.0,0.0,0.0,0.0,0.0,0.0,29.0,5.0,5.0,0.0,0.0,0.0,4.0,0.0,0.0,0.0,2.0,2.0,0.0,0.0,0.0,0.0,0.0,0.0,0.0,0.0,0.0,0.0,0.0,0.0,0.0,D_0__Bacteria; D_1__Verrucomicrobia; D_2__Verrucomicrobiae; D_3__Opitutales; D_4__Opitutaceae; D_5__Lacunisphaera
1d90e2a14fcaf64ce6648221213758a8,0.0,0.0,0.0,0.0,0.0,0.0,0.0,0.0,0.0,2.0,0.0,0.0,0.0,0.0,0.0,0.0,0.0,0.0,0.0,0.0,0.0,0.0,0.0,0.0,0.0,0.0,0.0,0.0,0.0,0.0,0.0,0.0,6.0,0.0,0.0,0.0,0.0,2.0,11.0,0.0,0.0,0.0,D_0__Bacteria; D_1__Verrucomicrobia; D_2__Verrucomicrobiae; D_3__Pedosphaerales; D_4__Pedosphaeraceae
19ac61dfdaec12127a8d28ab0498a1d5,0.0,0.0,0.0,0.0,0.0,0.0,0.0,0.0,0.0,0.0,0.0,0.0,0.0,0.0,0.0,0.0,0.0,0.0,0.0,0.0,0.0,0.0,0.0,0.0,0.0,0.0,0.0,0.0,0.0,0.0,0.0,0.0,0.0,0.0,0.0,3.0,0.0,0.0,0.0,0.0,0.0,0.0,D_0__Bacteria; D_1__Verrucomicrobia; D_2__Verrucomicrobiae; D_3__Pedosphaerales; D_4__Pedosphaeraceae
9e5186f0afe739a2c4d785d2b6c458d0,0.0,0.0,0.0,0.0,0.0,0.0,0.0,0.0,0.0,0.0,0.0,5.0,0.0,0.0,0.0,0.0,0.0,0.0,0.0,0.0,0.0,0.0,0.0,0.0,0.0,0.0,22.0,0.0,0.0,0.0,0.0,0.0,0.0,0.0,0.0,0.0,0.0,0.0,0.0,0.0,0.0,0.0,D_0__Bacteria; D_1__Verrucomicrobia; D_2__Verrucomicrobiae; D_3__Opitutales; D_4__Opitutaceae; D_5__Lacunisphaera; D_6__metagenome
0980ce1bdafbf50b7ea840e0a0813b65,0.0,0.0,0.0,0.0,0.0,0.0,0.0,0.0,0.0,0.0,0.0,0.0,1.0,0.0,0.0,0.0,0.0,0.0,0.0,0.0,0.0,0.0,0.0,0.0,0.0,0.0,0.0,0.0,0.0,0.0,0.0,0.0,0.0,0.0,0.0,0.0,0.0,0.0,0.0,0.0,0.0,0.0,D_0__Bacteria; D_1__Verrucomicrobia; D_2__Verrucomicrobiae; D_3__Verrucomicrobiales; D_4__Rubritaleaceae; D_5__Rubritalea; D_6__uncultured bacterium
ad6e1bd32957a78e77b968a6b11b3c62,0.0,0.0,1.0,0.0,0.0,0.0,0.0,0.0,0.0,0.0,0.0,0.0,0.0,0.0,0.0,0.0,0.0,0.0,3.0,0.0,0.0,0.0,0.0,0.0,0.0,0.0,0.0,0.0,0.0,0.0,0.0,0.0,0.0,0.0,0.0,0.0,0.0,0.0,0.0,0.0,0.0,0.0,D_0__Bacteria; D_1__Verrucomicrobia; D_2__Verrucomicrobiae; D_3__Opitutales; D_4__Opitutaceae; D_5__Opitutus
adefcba09ed438f25ae19147af37dd6e,0.0,0.0,0.0,0.0,0.0,0.0,0.0,0.0,0.0,0.0,0.0,0.0,0.0,0.0,0.0,0.0,0.0,0.0,0.0,0.0,2.0,0.0,0.0,0.0,0.0,0.0,0.0,0.0,0.0,0.0,0.0,0.0,0.0,0.0,0.0,0.0,0.0,0.0,0.0,0.0,0.0,0.0,D_0__Bacteria; D_1__Verrucomicrobia; D_2__Verrucomicrobiae; D_3__Pedosphaerales; D_4__Pedosphaeraceae
0457643b758d54cc369eb3f1f4196454,0.0,0.0,0.0,0.0,0.0,0.0,1.0,0.0,0.0,0.0,0.0,0.0,0.0,0.0,0.0,0.0,0.0,0.0,0.0,0.0,0.0,0.0,0.0,2.0,0.0,3.0,0.0,0.0,0.0,0.0,1.0,0.0,0.0,0.0,4.0,0.0,0.0,0.0,0.0,0.0,7.0,0.0,D_0__Bacteria; D_1__Verrucomicrobia; D_2__Verrucomicrobiae; D_3__Verrucomicrobiales; D_4__Verrucomicrobiaceae; D_5__Prosthecobacter; D_6__uncultured bacterium
8b0204fa04e90882ab3d9af0b260fd10,0.0,0.0,0.0,0.0,0.0,0.0,0.0,0.0,0.0,0.0,0.0,0.0,2.0,0.0,0.0,0.0,0.0,0.0,0.0,0.0,0.0,0.0,0.0,0.0,0.0,0.0,0.0,0.0,0.0,0.0,0.0,0.0,0.0,0.0,0.0,0.0,0.0,0.0,0.0,0.0,0.0,0.0,D_0__Bacteria; D_1__Verrucomicrobia; D_2__Verrucomicrobiae; D_3__Chthoniobacterales; D_4__Terrimicrobiaceae; D_5__Terrimicrobium; D_6__uncultured bacterium
e5b87e1925bea86ca8b66c9fd52114ed,0.0,0.0,0.0,0.0,0.0,0.0,0.0,0.0,0.0,0.0,0.0,0.0,0.0,0.0,0.0,0.0,0.0,0.0,0.0,0.0,0.0,2.0,0.0,0.0,0.0,0.0,0.0,0.0,0.0,0.0,0.0,0.0,0.0,0.0,0.0,0.0,0.0,0.0,0.0,0.0,0.0,0.0,D_0__Bacteria; D_1__Verrucomicrobia; D_2__Verrucomicrobiae; D_3__Methylacidiphilales; D_4__Methylacidiphilaceae; D_5__uncultured; D_6__marine metagenome
28901f408a83a0641d1a4b93c0f3374e,0.0,0.0,0.0,0.0,0.0,0.0,0.0,3.0,0.0,6.0,0.0,0.0,2.0,0.0,1.0,0.0,0.0,0.0,0.0,0.0,0.0,0.0,0.0,0.0,0.0,0.0,0.0,0.0,0.0,0.0,0.0,0.0,4.0,0.0,1.0,0.0,0.0,0.0,0.0,0.0,0.0,0.0,D_0__Bacteria; D_1__Verrucomicrobia; D_2__Verrucomicrobiae; D_3__Verrucomicrobiales; D_4__Verrucomicrobiaceae; D_5__uncultured; D_6__uncultured bacterium
56c1500f8981df91a56e70dee9f70f25,0.0,0.0,0.0,0.0,0.0,0.0,0.0,0.0,0.0,0.0,0.0,0.0,0.0,0.0,0.0,0.0,0.0,0.0,0.0,0.0,0.0,0.0,0.0,0.0,0.0,0.0,0.0,0.0,0.0,0.0,0.0,0.0,0.0,0.0,0.0,0.0,0.0,0.0,0.0,4.0,0.0,0.0,D_0__Bacteria; D_1__Verrucomicrobia; D_2__Verrucomicrobiae; D_3__Pedosphaerales; D_4__Pedosphaeraceae
da6b444be4d6ca004f7f30d019e5b967,0.0,0.0,0.0,0.0,0.0,0.0,0.0,0.0,0.0,0.0,0.0,0.0,0.0,0.0,0.0,0.0,0.0,0.0,0.0,0.0,0.0,0.0,0.0,0.0,0.0,0.0,0.0,0.0,0.0,0.0,0.0,1.0,0.0,0.0,0.0,0.0,0.0,0.0,0.0,0.0,0.0,0.0,D_0__Bacteria; D_1__Verrucomicrobia; D_2__Verrucomicrobiae; D_3__Verrucomicrobiales; D_4__Verrucomicrobiaceae; D_5__Prosthecobacter
e02150667664d838cc8452c059c8e95f,0.0,0.0,0.0,0.0,0.0,0.0,0.0,0.0,0.0,0.0,0.0,0.0,0.0,0.0,0.0,0.0,0.0,0.0,0.0,0.0,0.0,0.0,0.0,0.0,0.0,0.0,0.0,0.0,0.0,0.0,0.0,0.0,0.0,0.0,0.0,0.0,0.0,2.0,0.0,0.0,0.0,0.0,D_0__Bacteria; D_1__Verrucomicrobia; D_2__Verrucomicrobiae; D_3__Pedosphaerales; D_4__Pedosphaeraceae
eac66da1596463ce0881905b528c5c0b,0.0,0.0,0.0,0.0,0.0,0.0,0.0,0.0,0.0,1.0,0.0,0.0,0.0,0.0,0.0,0.0,0.0,0.0,0.0,0.0,0.0,0.0,0.0,0.0,0.0,0.0,0.0,0.0,0.0,0.0,0.0,0.0,0.0,0.0,0.0,0.0,0.0,0.0,0.0,0.0,0.0,0.0,D_0__Bacteria; D_1__Verrucomicrobia; D_2__Verrucomicrobiae; D_3__Chthoniobacterales; D_4__Chthoniobacteraceae; D_5__Chthoniobacter; D_6__metagenome
1b048ce507886bda6988afc8328474a8,0.0,0.0,0.0,0.0,0.0,0.0,0.0,0.0,0.0,0.0,0.0,0.0,0.0,0.0,0.0,0.0,0.0,0.0,0.0,0.0,0.0,0.0,0.0,0.0,0.0,0.0,0.0,0.0,0.0,1.0,3.0,0.0,0.0,0.0,0.0,0.0,0.0,0.0,0.0,0.0,0.0,0.0,D_0__Bacteria; D_1__Verrucomicrobia; D_2__Verrucomicrobiae; D_3__Verrucomicrobiales; D_4__Rubritaleaceae; D_5__Luteolibacter; D_6__uncultured Crater Lake bacterium CL500-85
48215da9e5e11fb5c33aed49d45398f9,0.0,0.0,0.0,0.0,0.0,0.0,0.0,0.0,0.0,0.0,0.0,0.0,0.0,0.0,0.0,0.0,0.0,0.0,0.0,0.0,0.0,0.0,0.0,1.0,0.0,0.0,0.0,0.0,0.0,0.0,0.0,0.0,0.0,0.0,0.0,0.0,0.0,0.0,0.0,0.0,0.0,0.0,D_0__Bacteria; D_1__Verrucomicrobia; D_2__Verrucomicrobiae; D_3__Pedosphaerales; D_4__Pedosphaeraceae; D_5__uncultured verrucomicrobium DEV059; D_6__uncultured verrucomicrobium DEV059
3004c37f02370c4f2d31b58295622a8e,0.0,0.0,0.0,0.0,0.0,0.0,0.0,0.0,0.0,0.0,0.0,0.0,0.0,0.0,0.0,0.0,0.0,0.0,0.0,2.0,0.0,0.0,0.0,0.0,0.0,0.0,0.0,0.0,0.0,0.0,0.0,0.0,0.0,0.0,0.0,0.0,0.0,0.0,0.0,0.0,0.0,0.0,D_0__Bacteria; D_1__Verrucomicrobia; D_2__Verrucomicrobiae; D_3__Pedosphaerales; D_4__Pedosphaeraceae; D_5__uncultured bacterium; D_6__uncultured bacterium
26bfd6efcc521485afd93427d56da466,0.0,0.0,0.0,0.0,0.0,0.0,0.0,0.0,0.0,0.0,0.0,0.0,0.0,0.0,0.0,0.0,0.0,0.0,0.0,0.0,0.0,0.0,0.0,0.0,0.0,0.0,0.0,0.0,0.0,0.0,0.0,0.0,0.0,0.0,0.0,0.0,0.0,0.0,0.0,0.0,2.0,0.0,D_0__Bacteria; D_1__Verrucomicrobia; D_2__Verrucomicrobiae; D_3__Verrucomicrobiales; D_4__Verrucomicrobiaceae; D_5__uncultured; D_6__uncultured bacterium
60208f6117360e6587e0eb06420123ad,0.0,0.0,0.0,0.0,0.0,0.0,0.0,0.0,0.0,1.0,0.0,0.0,0.0,0.0,0.0,0.0,0.0,0.0,0.0,0.0,0.0,0.0,0.0,0.0,0.0,0.0,0.0,0.0,0.0,0.0,0.0,0.0,0.0,0.0,0.0,0.0,0.0,0.0,0.0,0.0,0.0,0.0,D_0__Bacteria; D_1__Verrucomicrobia; D_2__Verrucomicrobiae; D_3__Pedosphaerales; D_4__Pedosphaeraceae; D_5__uncultured bacterium; D_6__uncultured bacterium
51c7e7387d626bbe8a0e5030dfbf4a47,0.0,0.0,0.0,0.0,0.0,0.0,0.0,0.0,0.0,0.0,0.0,0.0,0.0,0.0,0.0,0.0,0.0,0.0,0.0,0.0,0.0,0.0,0.0,0.0,0.0,0.0,0.0,0.0,0.0,0.0,0.0,0.0,0.0,0.0,0.0,0.0,0.0,0.0,0.0,0.0,1.0,0.0,D_0__Bacteria; D_1__Verrucomicrobia; D_2__Verrucomicrobiae; D_3__Verrucomicrobiales; D_4__Rubritaleaceae; D_5__Luteolibacter; D_6__Verrucomicrobia bacterium SCGC AAA027-I19
b5353df5ad46d28b858c4b0496c7c575,0.0,0.0,0.0,0.0,0.0,0.0,0.0,0.0,0.0,0.0,0.0,3.0,0.0,0.0,0.0,0.0,0.0,0.0,0.0,0.0,0.0,0.0,0.0,0.0,0.0,0.0,0.0,0.0,0.0,0.0,0.0,0.0,0.0,0.0,0.0,0.0,0.0,0.0,0.0,0.0,0.0,0.0,D_0__Bacteria; D_1__Verrucomicrobia; D_2__Verrucomicrobiae; D_3__Opitutales; D_4__Opitutaceae; D_5__Opitutus
5fa5b7481f2af2df2ed6d79fd93401af,0.0,2.0,0.0,0.0,4.0,0.0,0.0,0.0,0.0,0.0,0.0,0.0,0.0,0.0,0.0,0.0,0.0,0.0,0.0,3.0,0.0,0.0,0.0,1.0,0.0,0.0,0.0,0.0,0.0,0.0,0.0,0.0,0.0,0.0,0.0,0.0,0.0,0.0,0.0,0.0,0.0,0.0,D_0__Bacteria; D_1__Verrucomicrobia; D_2__Verrucomicrobiae; D_3__Pedosphaerales; D_4__Pedosphaeraceae; D_5__metagenome; D_6__metagenome
842b0436e882b57b89227582c2fa3236,3.0,3.0,0.0,0.0,0.0,0.0,0.0,0.0,0.0,0.0,0.0,0.0,0.0,0.0,0.0,0.0,0.0,0.0,5.0,7.0,9.0,0.0,0.0,2.0,0.0,0.0,0.0,6.0,0.0,0.0,0.0,0.0,0.0,0.0,0.0,0.0,0.0,0.0,0.0,0.0,0.0,0.0,D_0__Bacteria; D_1__Verrucomicrobia; D_2__Verrucomicrobiae; D_3__Opitutales; D_4__Opitutaceae
ec308ea3f4ba76cf5ebad81e7e80c979,0.0,0.0,0.0,0.0,0.0,0.0,0.0,0.0,0.0,0.0,0.0,0.0,0.0,0.0,0.0,0.0,0.0,0.0,0.0,0.0,0.0,0.0,0.0,0.0,0.0,0.0,0.0,0.0,0.0,0.0,0.0,0.0,0.0,0.0,6.0,0.0,0.0,0.0,0.0,0.0,0.0,0.0,D_0__Bacteria; D_1__Verrucomicrobia; D_2__Verrucomicrobiae; D_3__Opitutales; D_4__Opitutaceae; D_5__Lacunisphaera; D_6__uncultured bacterium
9a3062c870598f08c19000a072897d30,0.0,0.0,0.0,0.0,0.0,0.0,0.0,0.0,0.0,0.0,0.0,0.0,0.0,0.0,0.0,0.0,0.0,0.0,0.0,0.0,0.0,0.0,0.0,0.0,0.0,0.0,0.0,0.0,0.0,0.0,0.0,0.0,0.0,0.0,0.0,5.0,0.0,0.0,0.0,0.0,0.0,0.0,D_0__Bacteria; D_1__Verrucomicrobia; D_2__Verrucomicrobiae; D_3__Pedosphaerales; D_4__Pedosphaeraceae; D_5__metagenome; D_6__metagenome
90c7bdbbf546646b30cb59be1bdf2b93,0.0,0.0,0.0,0.0,0.0,0.0,0.0,0.0,0.0,0.0,0.0,0.0,0.0,0.0,0.0,0.0,0.0,0.0,0.0,0.0,0.0,0.0,0.0,0.0,0.0,0.0,0.0,0.0,0.0,0.0,0.0,0.0,0.0,0.0,0.0,0.0,2.0,0.0,0.0,0.0,0.0,0.0,D_0__Bacteria; D_1__Verrucomicrobia; D_2__Verrucomicrobiae; D_3__Methylacidiphilales; D_4__Methylacidiphilaceae; D_5__uncultured; D_6__metagenome
a11709c7a5aa96f44b47931de1a14fa4,0.0,0.0,0.0,0.0,0.0,0.0,0.0,0.0,0.0,0.0,0.0,0.0,0.0,0.0,0.0,0.0,0.0,0.0,0.0,0.0,0.0,0.0,0.0,0.0,0.0,0.0,0.0,0.0,0.0,0.0,0.0,0.0,0.0,0.0,0.0,11.0,0.0,0.0,0.0,0.0,0.0,0.0,D_0__Bacteria; D_1__Verrucomicrobia; D_2__Verrucomicrobiae; D_3__Pedosphaerales; D_4__Pedosphaeraceae; D_5__metagenome; D_6__metagenome
d0216edbdb07ec2b2d8becf26467a165,0.0,0.0,0.0,0.0,0.0,0.0,0.0,0.0,0.0,0.0,0.0,0.0,0.0,0.0,0.0,0.0,0.0,0.0,0.0,0.0,0.0,0.0,0.0,0.0,0.0,0.0,0.0,0.0,0.0,0.0,0.0,0.0,0.0,0.0,1.0,0.0,0.0,0.0,0.0,0.0,0.0,0.0,D_0__Bacteria; D_1__Verrucomicrobia; D_2__Verrucomicrobiae; D_3__Verrucomicrobiales; D_4__Verrucomicrobiaceae; D_5__uncultured; D_6__uncultured Verrucomicrobia bacterium
a9e03bd33a0cac87aec348334b29617a,0.0,0.0,0.0,0.0,0.0,0.0,0.0,0.0,0.0,0.0,0.0,0.0,0.0,0.0,0.0,0.0,0.0,0.0,0.0,0.0,0.0,6.0,0.0,0.0,0.0,0.0,0.0,0.0,0.0,0.0,0.0,0.0,0.0,0.0,0.0,0.0,0.0,0.0,0.0,0.0,0.0,0.0,D_0__Bacteria; D_1__Verrucomicrobia; D_2__Verrucomicrobiae; D_3__Verrucomicrobiales; D_4__Verrucomicrobiaceae
903ea414d3023e9f686f8f8667237468,0.0,0.0,0.0,0.0,0.0,0.0,0.0,0.0,0.0,0.0,0.0,0.0,0.0,0.0,0.0,0.0,10.0,0.0,0.0,0.0,0.0,0.0,0.0,0.0,0.0,0.0,0.0,0.0,0.0,0.0,0.0,0.0,0.0,0.0,0.0,0.0,0.0,0.0,0.0,0.0,0.0,0.0,D_0__Bacteria; D_1__Verrucomicrobia; D_2__Verrucomicrobiae; D_3__Verrucomicrobiales; D_4__Verrucomicrobiaceae; D_5__Prosthecobacter; D_6__metagenome
56ba390f2acf8dd2c26bfb1f8ee8cfdf,0.0,0.0,0.0,0.0,0.0,0.0,0.0,0.0,0.0,0.0,0.0,3.0,0.0,0.0,0.0,0.0,0.0,0.0,0.0,0.0,0.0,0.0,0.0,0.0,0.0,0.0,0.0,0.0,0.0,0.0,0.0,0.0,0.0,0.0,0.0,0.0,0.0,0.0,0.0,0.0,0.0,0.0,D_0__Bacteria; D_1__Verrucomicrobia; D_2__Verrucomicrobiae; D_3__Pedosphaerales; D_4__Pedosphaeraceae
06b0973c3255d90969a3be302d60b391,0.0,0.0,0.0,0.0,1.0,0.0,0.0,0.0,0.0,0.0,0.0,0.0,0.0,0.0,0.0,0.0,0.0,0.0,0.0,0.0,0.0,0.0,0.0,0.0,0.0,0.0,0.0,0.0,0.0,0.0,0.0,0.0,0.0,0.0,0.0,0.0,0.0,0.0,0.0,0.0,0.0,0.0,D_0__Bacteria; D_1__Verrucomicrobia; D_2__Verrucomicrobiae; D_3__Opitutales; D_4__Opitutaceae
