#OTU ID,AUG-001,AUG-002,AUG-003,AUG-004,AUG-005,AUG-006,AUG-007,AUG-008,DES-001,DES-005,DES-006,DES-007,DES-010,DES-012,DES-013,DES-014,DES-018,WLT-001,WLT-002,WLT-003,WLT-004,WLT-005,WLT-006,WLT-007,WLT-008,WLT-009,WLT-011,WLT-013,WLT-014,WLT-015,WLT-016,WLT-018,WLT-020,WLT-021,WLT-022,WLT-023,WLT-024,WLT-035,WLT-037,taxonomy
db87d8c209a9995704ccb38c98e0543e,0.0,0.0,0.0,0.0,0.0,0.0,0.0,0.0,0.0,0.0,0.0,0.0,0.0,0.0,0.0,0.0,0.0,3.0,0.0,4.0,0.0,0.0,0.0,0.0,0.0,0.0,0.0,0.0,0.0,0.0,0.0,0.0,0.0,0.0,0.0,0.0,0.0,0.0,0.0,D_0__Bacteria; D_1__Actinobacteria; D_2__Acidimicrobiia; D_3__Microtrichales; D_4__Ilumatobacteraceae; D_5__CL500-29 marine group
085cae7bbb63b0fa24f9e4cd9419255b,0.0,1.0,0.0,0.0,0.0,1.0,0.0,0.0,0.0,0.0,0.0,0.0,0.0,0.0,0.0,0.0,0.0,0.0,0.0,1.0,2.0,0.0,0.0,0.0,0.0,0.0,0.0,0.0,0.0,0.0,0.0,0.0,0.0,0.0,0.0,0.0,0.0,0.0,0.0,D_0__Bacteria; D_1__Actinobacteria; D_2__Actinobacteria; D_3__Frankiales; D_4__Sporichthyaceae; D_5__Sporichthya; D_6__uncultured bacterium
bd9945fb0862f17fd45c3b1d34036eb0,0.0,0.0,0.0,0.0,0.0,0.0,0.0,0.0,0.0,0.0,0.0,0.0,0.0,0.0,0.0,0.0,0.0,0.0,0.0,0.0,2.0,0.0,0.0,0.0,0.0,0.0,0.0,0.0,0.0,0.0,0.0,0.0,0.0,0.0,0.0,0.0,0.0,0.0,0.0,D_0__Bacteria; D_1__Actinobacteria; D_2__Actinobacteria; D_3__Frankiales; D_4__Sporichthyaceae; D_5__hgcI clade; D_6__metagenome
2dedf60782b3991cc0db7a015431a814,0.0,1.0,0.0,0.0,0.0,0.0,0.0,0.0,0.0,0.0,0.0,0.0,0.0,0.0,0.0,0.0,0.0,0.0,0.0,0.0,0.0,0.0,0.0,0.0,0.0,0.0,0.0,0.0,0.0,0.0,0.0,0.0,0.0,0.0,0.0,0.0,0.0,0.0,0.0,D_0__Bacteria; D_1__Actinobacteria; D_2__Acidimicrobiia; D_3__IMCC26256; D_4__uncultured actinobacterium; D_5__uncultured actinobacterium; D_6__uncultured actinobacterium
6267512d7ea98a0da430e5a6f96698e6,0.0,4.0,4.0,0.0,0.0,0.0,0.0,8.0,0.0,0.0,0.0,0.0,0.0,2.0,22.0,0.0,0.0,6.0,0.0,0.0,0.0,0.0,0.0,0.0,0.0,0.0,15.0,25.0,0.0,13.0,10.0,0.0,0.0,0.0,0.0,0.0,0.0,20.0,0.0,D_0__Bacteria; D_1__Actinobacteria; D_2__Actinobacteria; D_3__Frankiales; D_4__Sporichthyaceae
d654bcff56e049515fe50834069dbad3,0.0,2.0,0.0,0.0,0.0,0.0,0.0,0.0,0.0,0.0,0.0,0.0,0.0,0.0,0.0,10.0,0.0,0.0,0.0,0.0,1.0,0.0,0.0,0.0,0.0,1.0,0.0,0.0,9.0,0.0,0.0,0.0,0.0,0.0,0.0,8.0,0.0,0.0,10.0,D_0__Bacteria; D_1__Actinobacteria; D_2__Actinobacteria; D_3__Micrococcales; D_4__Microbacteriaceae
eeed9fee5fe5f4bf699f96b3646a2d6c,0.0,0.0,0.0,0.0,0.0,0.0,0.0,0.0,0.0,0.0,0.0,0.0,0.0,0.0,0.0,0.0,0.0,0.0,0.0,0.0,0.0,0.0,0.0,0.0,0.0,0.0,0.0,0.0,0.0,0.0,0.0,0.0,0.0,0.0,1.0,0.0,0.0,0.0,0.0,D_0__Bacteria; D_1__Actinobacteria; D_2__Thermoleophilia; D_3__Gaiellales; D_4__uncultured; D_5__metagenome; D_6__metagenome
f79937d199dd2a193b6f0d763fab652e,0.0,0.0,0.0,0.0,0.0,0.0,0.0,0.0,0.0,0.0,5.0,0.0,0.0,0.0,0.0,0.0,0.0,0.0,0.0,0.0,0.0,0.0,0.0,0.0,0.0,0.0,0.0,0.0,0.0,0.0,0.0,0.0,0.0,0.0,0.0,0.0,0.0,0.0,0.0,D_0__Bacteria; D_1__Actinobacteria; D_2__Acidimicrobiia; D_3__Microtrichales; D_4__uncultured; D_5__uncultured bacterium; D_6__uncultured bacterium
dffb20cb837e7cf7be6c11a7c86f9958,0.0,0.0,0.0,0.0,0.0,0.0,0.0,1.0,0.0,0.0,0.0,0.0,0.0,0.0,0.0,0.0,0.0,0.0,0.0,0.0,0.0,6.0,0.0,0.0,10.0,0.0,0.0,0.0,0.0,1.0,0.0,0.0,0.0,6.0,0.0,0.0,0.0,0.0,3.0,D_0__Bacteria; D_1__Actinobacteria; D_2__Actinobacteria; D_3__Frankiales; D_4__Sporichthyaceae
56afdc4d1f814588ac9b38de175a6070,0.0,1.0,0.0,0.0,0.0,0.0,0.0,0.0,0.0,0.0,0.0,0.0,0.0,0.0,0.0,0.0,0.0,0.0,0.0,0.0,0.0,0.0,0.0,0.0,0.0,0.0,0.0,0.0,0.0,0.0,0.0,0.0,0.0,0.0,0.0,0.0,0.0,0.0,0.0,D_0__Bacteria; D_1__Actinobacteria; D_2__Actinobacteria; D_3__PeM15
aa555a1a86b8cae7d1736488806fd5ba,0.0,0.0,0.0,0.0,0.0,0.0,0.0,2.0,0.0,0.0,0.0,0.0,0.0,0.0,0.0,0.0,0.0,0.0,0.0,0.0,0.0,0.0,0.0,0.0,0.0,0.0,0.0,0.0,0.0,0.0,0.0,0.0,0.0,0.0,0.0,0.0,0.0,0.0,0.0,D_0__Bacteria; D_1__Actinobacteria; D_2__Actinobacteria; D_3__Frankiales; D_4__Sporichthyaceae; D_5__hgcI clade
6107feed8d202981b5e39e244bb4b3cc,0.0,3.0,0.0,0.0,0.0,0.0,0.0,2.0,0.0,0.0,0.0,0.0,0.0,0.0,0.0,0.0,0.0,0.0,0.0,0.0,0.0,0.0,0.0,1.0,0.0,0.0,0.0,0.0,0.0,0.0,0.0,0.0,0.0,0.0,0.0,0.0,0.0,0.0,0.0,D_0__Bacteria; D_1__Actinobacteria; D_2__Actinobacteria; D_3__PeM15
c4b5b0d584a7b6b6019f42b4eb607d91,0.0,0.0,3.0,4.0,3.0,7.0,8.0,1.0,9.0,0.0,4.0,8.0,6.0,0.0,0.0,0.0,0.0,0.0,0.0,0.0,1.0,0.0,0.0,0.0,0.0,0.0,0.0,0.0,0.0,0.0,0.0,1.0,0.0,0.0,0.0,0.0,0.0,4.0,0.0,D_0__Bacteria; D_1__Actinobacteria; D_2__Actinobacteria; D_3__Frankiales; D_4__Sporichthyaceae; D_5__hgcI clade; D_6__uncultured actinobacterium
cd8a0f3aa3893389792b288dd9359d87,0.0,0.0,0.0,0.0,0.0,0.0,0.0,0.0,0.0,0.0,0.0,0.0,0.0,0.0,0.0,0.0,0.0,0.0,0.0,3.0,5.0,3.0,0.0,0.0,0.0,7.0,0.0,0.0,0.0,4.0,0.0,0.0,0.0,0.0,0.0,0.0,0.0,0.0,0.0,D_0__Bacteria; D_1__Actinobacteria; D_2__Actinobacteria; D_3__Micrococcales; D_4__Microbacteriaceae
957d1484c581b662e7ea6f9ab641f150,0.0,0.0,0.0,0.0,0.0,0.0,0.0,0.0,0.0,0.0,0.0,0.0,0.0,0.0,0.0,0.0,0.0,0.0,0.0,0.0,0.0,0.0,0.0,0.0,0.0,0.0,8.0,13.0,0.0,0.0,0.0,0.0,0.0,0.0,0.0,0.0,0.0,0.0,0.0,D_0__Bacteria; D_1__Actinobacteria; D_2__Actinobacteria; D_3__Frankiales; D_4__Sporichthyaceae; D_5__uncultured bacterium; D_6__uncultured bacterium
49363be39f4e73fc08154c4e95e73321,12.0,2.0,4.0,6.0,5.0,0.0,0.0,5.0,5.0,0.0,15.0,4.0,2.0,11.0,12.0,4.0,5.0,2.0,6.0,1.0,5.0,3.0,0.0,5.0,0.0,5.0,10.0,22.0,17.0,4.0,8.0,11.0,10.0,0.0,14.0,13.0,0.0,7.0,2.0,D_0__Bacteria; D_1__Actinobacteria; D_2__Actinobacteria; D_3__Frankiales; D_4__Sporichthyaceae; D_5__hgcI clade; D_6__Actinobacteria bacterium IMCC26103
3f456a18968cea5c5e549e281f0f5808,21.0,5.0,25.0,31.0,32.0,51.0,38.0,6.0,65.0,12.0,0.0,22.0,22.0,28.0,26.0,5.0,17.0,10.0,0.0,7.0,4.0,0.0,0.0,3.0,0.0,0.0,16.0,20.0,0.0,0.0,16.0,12.0,0.0,0.0,0.0,5.0,0.0,12.0,0.0,D_0__Bacteria; D_1__Actinobacteria; D_2__Actinobacteria; D_3__Frankiales; D_4__Sporichthyaceae; D_5__hgcI clade; D_6__uncultured Candidatus Planktophila sp.
6a24da38d8970dc40fe54b8eed8a835a,0.0,0.0,0.0,0.0,0.0,0.0,0.0,0.0,0.0,0.0,0.0,0.0,0.0,0.0,0.0,0.0,0.0,0.0,0.0,0.0,0.0,0.0,0.0,0.0,0.0,0.0,0.0,0.0,0.0,1.0,0.0,0.0,0.0,14.0,0.0,0.0,0.0,0.0,6.0,D_0__Bacteria; D_1__Actinobacteria; D_2__Actinobacteria; D_3__Micrococcales; D_4__Microbacteriaceae; D_5__Candidatus Flaviluna; D_6__uncultured actinobacterium
cd7b2eba0284fe59fce8a7a69eaac09c,0.0,0.0,0.0,0.0,0.0,0.0,0.0,0.0,0.0,0.0,0.0,0.0,0.0,0.0,0.0,0.0,0.0,0.0,0.0,0.0,0.0,0.0,0.0,0.0,0.0,0.0,0.0,0.0,0.0,0.0,0.0,0.0,0.0,0.0,0.0,0.0,0.0,2.0,0.0,D_0__Bacteria; D_1__Actinobacteria; D_2__Acidimicrobiia; D_3__uncultured; D_4__uncultured bacterium; D_5__uncultured bacterium; D_6__uncultured bacterium
81703e7ea9070f5db356c359ddd4731e,21.0,6.0,19.0,0.0,0.0,5.0,0.0,15.0,0.0,0.0,23.0,0.0,0.0,0.0,28.0,7.0,33.0,35.0,0.0,22.0,10.0,4.0,0.0,2.0,0.0,0.0,19.0,14.0,11.0,1.0,33.0,19.0,14.0,0.0,14.0,11.0,0.0,0.0,0.0,D_0__Bacteria; D_1__Actinobacteria; D_2__Actinobacteria; D_3__Frankiales; D_4__Sporichthyaceae
05d385f8260362e624138cae31e3f909,6.0,25.0,2.0,9.0,0.0,2.0,2.0,2.0,0.0,0.0,0.0,4.0,0.0,3.0,0.0,0.0,8.0,2.0,0.0,6.0,2.0,5.0,0.0,2.0,0.0,7.0,2.0,0.0,0.0,0.0,0.0,2.0,0.0,0.0,0.0,0.0,0.0,0.0,0.0,D_0__Bacteria; D_1__Actinobacteria; D_2__Actinobacteria; D_3__Frankiales; D_4__Sporichthyaceae; D_5__hgcI clade; D_6__uncultured actinobacterium
57719b453302e262d8f58106e930368c,0.0,0.0,0.0,0.0,0.0,0.0,0.0,0.0,0.0,0.0,0.0,0.0,0.0,0.0,0.0,0.0,0.0,0.0,0.0,0.0,0.0,0.0,0.0,1.0,0.0,3.0,0.0,0.0,0.0,0.0,0.0,0.0,0.0,0.0,0.0,0.0,0.0,0.0,0.0,D_0__Bacteria; D_1__Actinobacteria; D_2__Actinobacteria; D_3__Frankiales; D_4__Sporichthyaceae; D_5__hgcI clade; D_6__uncultured actinobacterium
6b94959874b693c3304e68c57cefd287,0.0,2.0,2.0,19.0,39.0,16.0,34.0,13.0,10.0,10.0,0.0,20.0,31.0,43.0,12.0,13.0,6.0,3.0,16.0,5.0,10.0,7.0,0.0,30.0,8.0,23.0,0.0,0.0,22.0,19.0,6.0,10.0,39.0,3.0,35.0,21.0,0.0,46.0,7.0,D_0__Bacteria; D_1__Actinobacteria; D_2__Actinobacteria; D_3__Frankiales; D_4__Sporichthyaceae
a07da86a91a8a246c06196fae2f4966d,0.0,0.0,0.0,5.0,0.0,1.0,2.0,0.0,4.0,0.0,0.0,0.0,6.0,2.0,0.0,0.0,0.0,0.0,0.0,0.0,0.0,0.0,0.0,2.0,0.0,0.0,0.0,0.0,0.0,0.0,0.0,0.0,0.0,0.0,0.0,1.0,0.0,0.0,0.0,D_0__Bacteria; D_1__Actinobacteria; D_2__Actinobacteria; D_3__Frankiales; D_4__Sporichthyaceae; D_5__Candidatus Planktophila
2950abe3815428547c4eb7d9002a4c91,0.0,1.0,7.0,3.0,0.0,0.0,0.0,2.0,0.0,0.0,0.0,4.0,0.0,0.0,0.0,0.0,4.0,2.0,0.0,0.0,2.0,0.0,0.0,0.0,0.0,0.0,0.0,3.0,0.0,0.0,2.0,1.0,0.0,0.0,0.0,2.0,0.0,0.0,0.0,D_0__Bacteria; D_1__Actinobacteria; D_2__Actinobacteria; D_3__Frankiales; D_4__Sporichthyaceae; D_5__hgcI clade; D_6__uncultured Actinomycetales bacterium
f5294cfc33fe7ad97a151b6f2ffa89bf,0.0,0.0,0.0,0.0,0.0,0.0,2.0,0.0,0.0,0.0,0.0,0.0,0.0,0.0,0.0,0.0,0.0,0.0,0.0,0.0,0.0,0.0,0.0,0.0,0.0,0.0,0.0,0.0,0.0,0.0,0.0,0.0,0.0,0.0,0.0,0.0,0.0,0.0,0.0,D_0__Bacteria; D_1__Actinobacteria; D_2__Actinobacteria; D_3__Micrococcales; D_4__Microbacteriaceae; D_5__Rhodoluna
6c420927d268a57526df90a00625bc32,0.0,1.0,0.0,0.0,0.0,0.0,0.0,0.0,0.0,0.0,0.0,0.0,0.0,0.0,0.0,0.0,0.0,0.0,0.0,0.0,0.0,0.0,0.0,0.0,0.0,0.0,0.0,0.0,0.0,0.0,0.0,0.0,0.0,0.0,0.0,0.0,0.0,0.0,0.0,D_0__Bacteria; D_1__Actinobacteria; D_2__Acidimicrobiia; D_3__Microtrichales; D_4__Ilumatobacteraceae; D_5__CL500-29 marine group; D_6__uncultured Ilumatobacter sp.
953d6d0a551de62b58c96dbef8759bbd,0.0,0.0,0.0,0.0,0.0,0.0,0.0,0.0,0.0,0.0,0.0,0.0,0.0,0.0,0.0,2.0,0.0,0.0,0.0,0.0,4.0,3.0,0.0,0.0,0.0,1.0,0.0,0.0,1.0,1.0,0.0,0.0,0.0,7.0,3.0,0.0,0.0,0.0,0.0,D_0__Bacteria; D_1__Actinobacteria; D_2__Actinobacteria; D_3__Micrococcales; D_4__Microbacteriaceae; D_5__Aurantimicrobium; D_6__uncultured bacterium
34333aca18b9467c8d1c7abcb708c05b,0.0,8.0,12.0,0.0,0.0,0.0,0.0,2.0,0.0,0.0,0.0,0.0,0.0,0.0,0.0,0.0,7.0,20.0,0.0,4.0,4.0,1.0,0.0,2.0,0.0,0.0,2.0,0.0,0.0,0.0,6.0,0.0,0.0,0.0,0.0,0.0,0.0,0.0,0.0,D_0__Bacteria; D_1__Actinobacteria; D_2__Actinobacteria; D_3__Frankiales; D_4__Sporichthyaceae; D_5__hgcI clade; D_6__uncultured bacterium
1816d853e4a5a798259b238bee65053b,0.0,0.0,0.0,0.0,0.0,0.0,0.0,0.0,0.0,0.0,0.0,0.0,0.0,0.0,0.0,0.0,0.0,0.0,0.0,0.0,0.0,0.0,0.0,0.0,0.0,0.0,0.0,0.0,0.0,0.0,0.0,0.0,0.0,0.0,0.0,0.0,0.0,0.0,2.0,D_0__Bacteria; D_1__Actinobacteria; D_2__Actinobacteria; D_3__Frankiales; D_4__Sporichthyaceae; D_5__hgcI clade; D_6__uncultured actinobacterium
57a028186bafb0607e11c25759123652,0.0,0.0,0.0,0.0,0.0,0.0,0.0,0.0,0.0,0.0,0.0,0.0,1.0,1.0,0.0,0.0,0.0,0.0,0.0,0.0,0.0,0.0,0.0,0.0,0.0,0.0,0.0,0.0,0.0,0.0,0.0,0.0,0.0,0.0,0.0,0.0,0.0,0.0,0.0,D_0__Bacteria; D_1__Actinobacteria; D_2__Actinobacteria; D_3__Micrococcales; D_4__Microbacteriaceae; D_5__Candidatus Planktoluna; D_6__uncultured bacterium
b042ce75ce1452b471ac49e4ac76c08f,0.0,0.0,0.0,0.0,0.0,0.0,0.0,0.0,0.0,0.0,0.0,0.0,0.0,0.0,0.0,0.0,0.0,3.0,0.0,3.0,0.0,0.0,0.0,0.0,0.0,0.0,2.0,0.0,0.0,0.0,0.0,0.0,0.0,0.0,0.0,0.0,0.0,0.0,0.0,D_0__Bacteria; D_1__Actinobacteria; D_2__Actinobacteria; D_3__Frankiales; D_4__Sporichthyaceae; D_5__Candidatus Planktophila
567037b76467291675d0b612172a08f4,0.0,23.0,0.0,0.0,0.0,0.0,0.0,0.0,0.0,0.0,0.0,0.0,0.0,0.0,0.0,0.0,0.0,0.0,0.0,0.0,0.0,0.0,0.0,0.0,0.0,0.0,0.0,0.0,0.0,0.0,0.0,2.0,0.0,0.0,0.0,0.0,0.0,0.0,0.0,D_0__Bacteria; D_1__Actinobacteria; D_2__Actinobacteria; D_3__Frankiales; D_4__Sporichthyaceae; D_5__hgcI clade; D_6__uncultured actinobacterium
08220c63935e60ddef0830ac0cd3a6c5,15.0,0.0,0.0,0.0,0.0,0.0,0.0,2.0,0.0,0.0,0.0,0.0,0.0,0.0,0.0,9.0,0.0,1.0,28.0,15.0,10.0,16.0,87.0,3.0,17.0,0.0,0.0,1.0,12.0,13.0,1.0,0.0,8.0,54.0,11.0,11.0,65.0,0.0,16.0,D_0__Bacteria; D_1__Actinobacteria; D_2__Actinobacteria; D_3__Micrococcales; D_4__Microbacteriaceae; D_5__Rhodoluna
edab60a0874cc7cdbd6b175d7c0e57da,0.0,0.0,0.0,0.0,0.0,0.0,5.0,0.0,0.0,0.0,0.0,0.0,0.0,0.0,0.0,0.0,0.0,0.0,0.0,0.0,0.0,0.0,0.0,0.0,0.0,0.0,0.0,0.0,0.0,0.0,0.0,0.0,0.0,5.0,0.0,0.0,0.0,0.0,0.0,D_0__Bacteria; D_1__Actinobacteria; D_2__Actinobacteria; D_3__Micrococcales; D_4__Microbacteriaceae; D_5__Candidatus Planktoluna
466c2c4cb06ba39543c40a74c027008a,0.0,0.0,0.0,0.0,0.0,0.0,0.0,0.0,0.0,0.0,0.0,0.0,0.0,0.0,0.0,0.0,0.0,0.0,0.0,0.0,0.0,0.0,0.0,0.0,0.0,0.0,0.0,0.0,0.0,0.0,4.0,3.0,0.0,0.0,0.0,0.0,0.0,0.0,0.0,D_0__Bacteria; D_1__Actinobacteria; D_2__Actinobacteria; D_3__Frankiales; D_4__Sporichthyaceae; D_5__Candidatus Planktophila
9d69367cf4342c361eeed91cb1094c48,0.0,0.0,0.0,0.0,0.0,0.0,0.0,0.0,0.0,0.0,17.0,0.0,0.0,0.0,0.0,0.0,0.0,0.0,0.0,0.0,0.0,0.0,0.0,0.0,0.0,0.0,0.0,0.0,0.0,0.0,0.0,0.0,0.0,0.0,0.0,0.0,0.0,0.0,0.0,D_0__Bacteria; D_1__Actinobacteria; D_2__Acidimicrobiia; D_3__uncultured; D_4__uncultured bacterium; D_5__uncultured bacterium; D_6__uncultured bacterium
9cfa52be027c8fa57d197b21dd7a958c,0.0,3.0,1.0,0.0,0.0,0.0,0.0,0.0,0.0,0.0,0.0,0.0,0.0,0.0,0.0,0.0,0.0,0.0,0.0,0.0,0.0,0.0,0.0,0.0,0.0,0.0,0.0,0.0,0.0,0.0,0.0,0.0,0.0,0.0,0.0,0.0,0.0,0.0,0.0,D_0__Bacteria; D_1__Actinobacteria; D_2__Actinobacteria; D_3__Frankiales; D_4__Sporichthyaceae; D_5__hgcI clade
e771f4fa820a86419ca443af86096a5d,0.0,0.0,0.0,0.0,0.0,0.0,0.0,0.0,0.0,0.0,0.0,0.0,3.0,8.0,0.0,0.0,0.0,0.0,0.0,0.0,0.0,0.0,0.0,0.0,0.0,0.0,0.0,0.0,0.0,0.0,0.0,0.0,0.0,0.0,0.0,0.0,0.0,0.0,0.0,D_0__Bacteria; D_1__Actinobacteria; D_2__Actinobacteria; D_3__Frankiales; D_4__Sporichthyaceae; D_5__hgcI clade; D_6__uncultured actinobacterium
afc0eeec83a181be740331928d883362,0.0,0.0,0.0,0.0,2.0,0.0,0.0,0.0,0.0,0.0,0.0,1.0,0.0,2.0,0.0,0.0,0.0,0.0,0.0,0.0,0.0,0.0,0.0,0.0,0.0,0.0,1.0,0.0,0.0,0.0,0.0,3.0,0.0,0.0,0.0,0.0,0.0,0.0,0.0,D_0__Bacteria; D_1__Actinobacteria; D_2__Acidimicrobiia; D_3__Microtrichales; D_4__Ilumatobacteraceae; D_5__CL500-29 marine group
a51911fb468aee7787ca8edf2ad66641,0.0,0.0,3.0,0.0,0.0,0.0,0.0,5.0,0.0,0.0,0.0,5.0,1.0,0.0,0.0,0.0,0.0,2.0,0.0,0.0,2.0,0.0,0.0,0.0,0.0,0.0,4.0,0.0,0.0,0.0,0.0,7.0,0.0,0.0,0.0,0.0,0.0,0.0,0.0,D_0__Bacteria; D_1__Actinobacteria; D_2__Actinobacteria; D_3__Frankiales; D_4__Sporichthyaceae; D_5__hgcI clade; D_6__actinobacterium SCGC AAA044-D11
7f15968746a4342bdfba9db59a107013,0.0,0.0,0.0,0.0,0.0,4.0,8.0,0.0,0.0,0.0,0.0,0.0,0.0,0.0,0.0,0.0,0.0,0.0,0.0,0.0,0.0,0.0,0.0,0.0,0.0,0.0,0.0,0.0,0.0,0.0,0.0,0.0,0.0,0.0,0.0,0.0,0.0,0.0,0.0,D_0__Bacteria; D_1__Actinobacteria; D_2__Actinobacteria; D_3__Micrococcales; D_4__Microbacteriaceae; D_5__Candidatus Aquiluna; D_6__uncultured bacterium
a217113c1f664a4c72dc79b682fa5198,0.0,0.0,0.0,0.0,0.0,0.0,0.0,0.0,0.0,0.0,0.0,0.0,0.0,0.0,0.0,0.0,0.0,0.0,0.0,0.0,0.0,0.0,0.0,0.0,0.0,0.0,0.0,0.0,0.0,0.0,0.0,0.0,0.0,0.0,0.0,0.0,0.0,0.0,3.0,D_0__Bacteria; D_1__Actinobacteria; D_2__Actinobacteria; D_3__Micrococcales; D_4__Microbacteriaceae; D_5__Rhodoluna; D_6__uncultured bacterium
4708901117c6b556a4b48c0082d73781,0.0,0.0,0.0,0.0,0.0,0.0,0.0,0.0,0.0,0.0,0.0,0.0,0.0,0.0,0.0,0.0,0.0,0.0,4.0,1.0,2.0,0.0,0.0,0.0,0.0,0.0,0.0,0.0,0.0,2.0,0.0,0.0,0.0,0.0,0.0,0.0,0.0,0.0,1.0,D_0__Bacteria; D_1__Actinobacteria; D_2__Actinobacteria; D_3__Micrococcales; D_4__Microbacteriaceae; D_5__Aurantimicrobium; D_6__uncultured bacterium
6c81116310aa574e7ce194b9e51528bd,0.0,0.0,0.0,0.0,0.0,0.0,0.0,1.0,0.0,0.0,0.0,0.0,0.0,0.0,0.0,0.0,0.0,0.0,0.0,0.0,0.0,0.0,0.0,0.0,0.0,0.0,0.0,0.0,0.0,0.0,0.0,0.0,0.0,0.0,0.0,0.0,0.0,0.0,0.0,D_0__Bacteria; D_1__Actinobacteria; D_2__Acidimicrobiia; D_3__Microtrichales; D_4__Ilumatobacteraceae; D_5__CL500-29 marine group
160af55c0f68a749cce75c006c651a61,0.0,0.0,0.0,0.0,0.0,0.0,0.0,2.0,0.0,0.0,0.0,0.0,0.0,0.0,0.0,0.0,0.0,0.0,0.0,0.0,0.0,0.0,0.0,3.0,0.0,0.0,0.0,0.0,0.0,0.0,0.0,0.0,0.0,0.0,0.0,0.0,0.0,0.0,0.0,D_0__Bacteria; D_1__Actinobacteria; D_2__Actinobacteria; D_3__Frankiales; D_4__Sporichthyaceae; D_5__hgcI clade; D_6__uncultured Frankineae bacterium
7580ff42ec296410fd9b751933c26164,0.0,0.0,0.0,1.0,0.0,0.0,0.0,0.0,0.0,0.0,0.0,0.0,0.0,0.0,0.0,0.0,0.0,0.0,0.0,0.0,0.0,0.0,0.0,0.0,0.0,0.0,0.0,0.0,0.0,0.0,0.0,0.0,0.0,0.0,0.0,0.0,0.0,0.0,0.0,D_0__Bacteria; D_1__Actinobacteria; D_2__Acidimicrobiia; D_3__Microtrichales; D_4__Ilumatobacteraceae; D_5__CL500-29 marine group
d5df79e90f8f402a66e74da0a6c47a11,0.0,0.0,0.0,0.0,0.0,0.0,0.0,0.0,0.0,18.0,0.0,0.0,0.0,0.0,0.0,20.0,0.0,0.0,0.0,0.0,0.0,0.0,0.0,0.0,0.0,0.0,0.0,0.0,0.0,2.0,0.0,0.0,0.0,0.0,0.0,0.0,0.0,0.0,0.0,D_0__Bacteria; D_1__Actinobacteria; D_2__Actinobacteria; D_3__Micrococcales; D_4__Microbacteriaceae; D_5__Candidatus Aquiluna
312f85fff91f5153e724b94b594e7ccb,0.0,1.0,0.0,0.0,0.0,0.0,0.0,0.0,1.0,0.0,0.0,0.0,0.0,0.0,0.0,0.0,0.0,0.0,0.0,0.0,0.0,0.0,0.0,0.0,0.0,0.0,0.0,0.0,0.0,0.0,0.0,0.0,0.0,0.0,0.0,0.0,0.0,0.0,0.0,D_0__Bacteria; D_1__Actinobacteria; D_2__Actinobacteria; D_3__Frankiales; D_4__Nakamurellaceae; D_5__Nakamurella; D_6__Nakamurella sp.
335fc1282f07d47856fa84e621f939db,0.0,2.0,3.0,0.0,0.0,0.0,0.0,0.0,0.0,0.0,0.0,0.0,0.0,0.0,0.0,0.0,0.0,0.0,0.0,0.0,0.0,0.0,0.0,0.0,0.0,0.0,0.0,0.0,0.0,0.0,0.0,0.0,0.0,0.0,0.0,0.0,0.0,0.0,0.0,D_0__Bacteria; D_1__Actinobacteria; D_2__Acidimicrobiia; D_3__Microtrichales; D_4__Ilumatobacteraceae; D_5__CL500-29 marine group
aefa91f56a06801ca0624bd8a87d7ea9,0.0,0.0,1.0,0.0,0.0,0.0,0.0,0.0,0.0,0.0,0.0,0.0,0.0,0.0,0.0,0.0,0.0,0.0,0.0,0.0,0.0,0.0,0.0,0.0,0.0,0.0,0.0,0.0,0.0,0.0,0.0,0.0,0.0,0.0,0.0,0.0,0.0,0.0,0.0,D_0__Bacteria; D_1__Actinobacteria; D_2__Acidimicrobiia; D_3__IMCC26256; D_4__Actinobacteria bacterium IMCC26256; D_5__Actinobacteria bacterium IMCC26256; D_6__Actinobacteria bacterium IMCC26256
03bde198c5e709594b8f1e27d0f550d4,0.0,0.0,0.0,0.0,0.0,0.0,0.0,0.0,0.0,0.0,17.0,0.0,0.0,0.0,0.0,0.0,0.0,0.0,0.0,0.0,0.0,0.0,0.0,0.0,0.0,0.0,0.0,0.0,0.0,0.0,0.0,0.0,0.0,0.0,0.0,0.0,0.0,0.0,0.0,D_0__Bacteria; D_1__Actinobacteria; D_2__Acidimicrobiia; D_3__Microtrichales; D_4__Ilumatobacteraceae
3130f344a0ad74b8b8f760f37e7c0b75,0.0,0.0,0.0,0.0,0.0,0.0,1.0,0.0,0.0,0.0,0.0,0.0,0.0,0.0,0.0,0.0,0.0,0.0,0.0,0.0,0.0,0.0,0.0,0.0,0.0,0.0,0.0,0.0,0.0,0.0,0.0,0.0,0.0,0.0,0.0,0.0,0.0,0.0,0.0,D_0__Bacteria; D_1__Actinobacteria; D_2__Acidimicrobiia; D_3__Microtrichales; D_4__Ilumatobacteraceae; D_5__CL500-29 marine group; D_6__uncultured actinobacterium
8f23fdcf6f94f67605d968b6e4a61a01,0.0,0.0,0.0,1.0,0.0,0.0,0.0,1.0,0.0,33.0,0.0,15.0,0.0,0.0,0.0,17.0,0.0,0.0,0.0,8.0,7.0,10.0,0.0,2.0,16.0,3.0,0.0,0.0,4.0,9.0,0.0,0.0,0.0,0.0,3.0,5.0,0.0,0.0,15.0,D_0__Bacteria; D_1__Actinobacteria; D_2__Actinobacteria; D_3__Frankiales; D_4__Sporichthyaceae; D_5__hgcI clade; D_6__uncultured actinobacterium
ec8fbb33cc2cc416feea1c324d22951a,0.0,0.0,0.0,0.0,0.0,0.0,0.0,0.0,0.0,0.0,0.0,0.0,0.0,0.0,0.0,0.0,0.0,0.0,0.0,0.0,0.0,0.0,0.0,0.0,0.0,0.0,0.0,0.0,0.0,0.0,0.0,0.0,0.0,0.0,1.0,0.0,0.0,0.0,0.0,D_0__Bacteria; D_1__Actinobacteria; D_2__Acidimicrobiia; D_3__Microtrichales; D_4__Ilumatobacteraceae; D_5__Ilumatobacter
cd3252d96bdb1efe5fc05bc00a9d9309,25.0,0.0,0.0,6.0,0.0,3.0,0.0,15.0,0.0,0.0,0.0,0.0,12.0,0.0,0.0,12.0,0.0,0.0,25.0,11.0,23.0,32.0,0.0,29.0,35.0,46.0,7.0,0.0,18.0,27.0,0.0,21.0,27.0,11.0,15.0,14.0,35.0,0.0,22.0,D_0__Bacteria; D_1__Actinobacteria; D_2__Actinobacteria; D_3__Frankiales; D_4__Sporichthyaceae
f3568df8761f514321bcc3925853154c,0.0,0.0,0.0,0.0,0.0,0.0,0.0,0.0,0.0,3.0,0.0,0.0,0.0,0.0,0.0,1.0,0.0,0.0,0.0,0.0,0.0,0.0,0.0,0.0,0.0,0.0,0.0,0.0,0.0,0.0,0.0,0.0,0.0,0.0,0.0,0.0,0.0,0.0,0.0,D_0__Bacteria; D_1__Actinobacteria; D_2__Actinobacteria; D_3__PeM15; D_4__metagenome; D_5__metagenome; D_6__metagenome
de9d78acd209f338eb7e6a3b53c7a940,0.0,0.0,0.0,0.0,0.0,0.0,0.0,0.0,0.0,0.0,0.0,0.0,0.0,0.0,0.0,0.0,0.0,0.0,0.0,0.0,0.0,0.0,0.0,0.0,0.0,0.0,0.0,0.0,0.0,0.0,0.0,0.0,0.0,0.0,0.0,0.0,0.0,1.0,0.0,D_0__Bacteria; D_1__Actinobacteria; D_2__Acidimicrobiia; D_3__IMCC26256; D_4__uncultured bacterium; D_5__uncultured bacterium; D_6__uncultured bacterium
a381f0333e4b087bbf5bf606bcb0a631,0.0,0.0,3.0,2.0,0.0,0.0,0.0,4.0,0.0,0.0,0.0,2.0,0.0,0.0,0.0,0.0,0.0,0.0,0.0,0.0,0.0,0.0,0.0,6.0,0.0,4.0,3.0,0.0,2.0,0.0,0.0,4.0,2.0,0.0,3.0,4.0,0.0,0.0,0.0,D_0__Bacteria; D_1__Actinobacteria; D_2__Actinobacteria; D_3__Frankiales; D_4__Sporichthyaceae; D_5__hgcI clade; D_6__uncultured Actinomycetales bacterium
7a7bce6fe799686296d054f47dbcf9a3,0.0,0.0,0.0,1.0,0.0,0.0,0.0,0.0,6.0,0.0,0.0,0.0,0.0,0.0,0.0,0.0,20.0,0.0,0.0,0.0,0.0,0.0,0.0,0.0,0.0,0.0,2.0,0.0,0.0,0.0,0.0,0.0,0.0,0.0,0.0,0.0,0.0,6.0,0.0,D_0__Bacteria; D_1__Actinobacteria; D_2__Actinobacteria; D_3__Frankiales; D_4__Sporichthyaceae
074c72cc39b32c1386dfb891ef361509,0.0,0.0,0.0,0.0,0.0,0.0,0.0,0.0,0.0,0.0,0.0,0.0,0.0,0.0,0.0,0.0,0.0,0.0,0.0,0.0,0.0,0.0,0.0,0.0,0.0,0.0,0.0,0.0,0.0,0.0,0.0,0.0,0.0,0.0,0.0,0.0,0.0,0.0,1.0,D_0__Bacteria; D_1__Actinobacteria; D_2__Actinobacteria; D_3__Frankiales; D_4__Sporichthyaceae; D_5__hgcI clade; D_6__uncultured actinobacterium
1d1ba651814e1415fdf4eab3c393b955,0.0,0.0,0.0,0.0,0.0,0.0,0.0,0.0,0.0,0.0,0.0,0.0,0.0,0.0,0.0,0.0,0.0,0.0,0.0,0.0,0.0,0.0,0.0,0.0,0.0,0.0,0.0,0.0,0.0,0.0,0.0,0.0,0.0,0.0,0.0,0.0,0.0,0.0,3.0,D_0__Bacteria; D_1__Actinobacteria; D_2__Actinobacteria; D_3__Micrococcales; D_4__Microbacteriaceae
c2d85e185d0485ef6689f83984a647ae,0.0,4.0,8.0,0.0,0.0,0.0,0.0,4.0,0.0,0.0,0.0,0.0,0.0,0.0,0.0,0.0,0.0,9.0,0.0,3.0,0.0,0.0,0.0,0.0,0.0,0.0,7.0,0.0,1.0,0.0,11.0,0.0,0.0,0.0,0.0,0.0,0.0,0.0,0.0,D_0__Bacteria; D_1__Actinobacteria; D_2__Actinobacteria; D_3__Frankiales; D_4__Sporichthyaceae; D_5__hgcI clade
3667bdb79bae37e87cc801ab34639b3e,0.0,0.0,3.0,7.0,16.0,3.0,0.0,4.0,0.0,15.0,0.0,15.0,13.0,0.0,0.0,0.0,0.0,1.0,0.0,4.0,0.0,4.0,0.0,9.0,0.0,0.0,0.0,0.0,0.0,0.0,0.0,0.0,0.0,0.0,0.0,0.0,0.0,0.0,5.0,D_0__Bacteria; D_1__Actinobacteria; D_2__Actinobacteria; D_3__Frankiales; D_4__Sporichthyaceae; D_5__Candidatus Planktophila
d93a38caa81243ce0fed825dca4bde92,0.0,0.0,0.0,0.0,0.0,0.0,0.0,1.0,0.0,0.0,0.0,0.0,0.0,0.0,0.0,0.0,0.0,0.0,0.0,0.0,0.0,0.0,0.0,0.0,0.0,0.0,0.0,0.0,0.0,0.0,0.0,0.0,0.0,0.0,0.0,0.0,0.0,0.0,0.0,D_0__Bacteria; D_1__Actinobacteria; D_2__Actinobacteria; D_3__Frankiales; D_4__Sporichthyaceae; D_5__hgcI clade; D_6__uncultured Frankineae bacterium
3f04bd2a359b976892faa13fcb4de619,0.0,0.0,0.0,3.0,3.0,7.0,0.0,0.0,0.0,0.0,0.0,0.0,3.0,0.0,0.0,0.0,0.0,0.0,0.0,0.0,0.0,0.0,0.0,0.0,0.0,0.0,0.0,0.0,0.0,0.0,0.0,0.0,0.0,0.0,0.0,0.0,0.0,0.0,0.0,D_0__Bacteria; D_1__Actinobacteria; D_2__Actinobacteria; D_3__Micrococcales; D_4__Microbacteriaceae; D_5__Candidatus Limnoluna; D_6__uncultured bacterium
7a10f4c4c85b1e821ae02f9273f98afd,0.0,0.0,0.0,0.0,0.0,0.0,0.0,0.0,0.0,0.0,0.0,0.0,0.0,0.0,0.0,0.0,0.0,1.0,0.0,0.0,0.0,0.0,0.0,0.0,0.0,0.0,0.0,2.0,0.0,0.0,0.0,2.0,0.0,0.0,0.0,0.0,0.0,0.0,0.0,D_0__Bacteria; D_1__Actinobacteria; D_2__Actinobacteria; D_3__Frankiales; D_4__Sporichthyaceae; D_5__hgcI clade
202cf39cadaf024ea5be66e468ae888e,0.0,0.0,0.0,0.0,0.0,0.0,0.0,0.0,0.0,0.0,0.0,0.0,0.0,0.0,0.0,0.0,0.0,0.0,0.0,0.0,0.0,3.0,0.0,0.0,0.0,0.0,0.0,0.0,0.0,0.0,0.0,0.0,0.0,0.0,0.0,0.0,0.0,0.0,0.0,D_0__Bacteria; D_1__Actinobacteria; D_2__Actinobacteria; D_3__Frankiales; D_4__Cryptosporangiaceae; D_5__Fodinicola; D_6__metagenome
25b2721dfbb2bce10d8b1c14bc512884,0.0,0.0,0.0,0.0,0.0,0.0,0.0,2.0,0.0,0.0,0.0,0.0,0.0,0.0,0.0,0.0,0.0,0.0,0.0,0.0,0.0,0.0,0.0,0.0,0.0,0.0,1.0,0.0,0.0,0.0,0.0,0.0,0.0,0.0,0.0,0.0,0.0,0.0,0.0,D_0__Bacteria; D_1__Actinobacteria; D_2__Actinobacteria; D_3__Micrococcales; D_4__Microbacteriaceae; D_5__Candidatus Planktoluna
8b1d2ad098c62ae450bd5a9c1c65c980,0.0,0.0,0.0,0.0,0.0,0.0,0.0,0.0,0.0,9.0,0.0,0.0,0.0,0.0,0.0,0.0,0.0,0.0,21.0,2.0,4.0,3.0,13.0,0.0,14.0,0.0,0.0,0.0,3.0,3.0,0.0,0.0,0.0,0.0,0.0,5.0,0.0,0.0,2.0,D_0__Bacteria; D_1__Actinobacteria; D_2__Actinobacteria; D_3__Micrococcales; D_4__Microbacteriaceae; D_5__Candidatus Planktoluna
37762c5e9b1d5a5233d6caeef3660d6a,0.0,3.0,0.0,2.0,0.0,0.0,0.0,0.0,0.0,0.0,0.0,0.0,0.0,0.0,0.0,0.0,0.0,0.0,0.0,0.0,0.0,0.0,0.0,0.0,0.0,0.0,0.0,0.0,0.0,0.0,3.0,2.0,0.0,0.0,0.0,0.0,0.0,0.0,0.0,D_0__Bacteria; D_1__Actinobacteria; D_2__Acidimicrobiia; D_3__Microtrichales; D_4__uncultured
f02a8fc112896c014ac061ca2f27d6df,0.0,0.0,0.0,0.0,0.0,0.0,0.0,0.0,0.0,0.0,0.0,0.0,0.0,0.0,0.0,0.0,0.0,0.0,0.0,0.0,0.0,0.0,0.0,0.0,0.0,0.0,1.0,0.0,0.0,0.0,0.0,0.0,0.0,0.0,0.0,0.0,0.0,0.0,0.0,D_0__Bacteria; D_1__Actinobacteria; D_2__Acidimicrobiia; D_3__Microtrichales; D_4__Ilumatobacteraceae; D_5__CL500-29 marine group; D_6__uncultured Acidimicrobiales bacterium
22c618253124240b804cbc9c8371ea99,0.0,2.0,0.0,0.0,0.0,0.0,0.0,0.0,0.0,0.0,0.0,0.0,0.0,0.0,0.0,0.0,0.0,0.0,0.0,0.0,0.0,0.0,0.0,0.0,0.0,0.0,0.0,0.0,0.0,0.0,0.0,0.0,0.0,0.0,0.0,0.0,0.0,0.0,0.0,D_0__Bacteria; D_1__Actinobacteria; D_2__Thermoleophilia; D_3__Gaiellales; D_4__uncultured; D_5__metagenome; D_6__metagenome
c270fd2183990cc424cb4f57e1027d40,0.0,0.0,0.0,0.0,0.0,0.0,0.0,0.0,0.0,0.0,0.0,0.0,0.0,0.0,0.0,0.0,0.0,0.0,0.0,0.0,0.0,0.0,0.0,0.0,0.0,0.0,0.0,0.0,0.0,0.0,0.0,0.0,0.0,0.0,0.0,0.0,0.0,2.0,0.0,D_0__Bacteria; D_1__Actinobacteria; D_2__Acidimicrobiia; D_3__uncultured; D_4__uncultured bacterium; D_5__uncultured bacterium; D_6__uncultured bacterium
77fc79be93a764fd72eb5f3ec07c7f58,0.0,0.0,0.0,0.0,0.0,0.0,0.0,0.0,0.0,0.0,0.0,0.0,0.0,0.0,0.0,0.0,0.0,0.0,0.0,0.0,0.0,0.0,0.0,0.0,0.0,0.0,0.0,0.0,0.0,0.0,0.0,0.0,0.0,0.0,0.0,0.0,0.0,0.0,2.0,D_0__Bacteria; D_1__Actinobacteria; D_2__Actinobacteria
b701af8d98ca714dab16ab6724bb631a,0.0,0.0,0.0,0.0,0.0,0.0,0.0,0.0,0.0,0.0,19.0,0.0,0.0,0.0,0.0,0.0,0.0,0.0,0.0,0.0,0.0,0.0,0.0,0.0,0.0,0.0,0.0,0.0,0.0,0.0,0.0,0.0,0.0,0.0,0.0,0.0,0.0,0.0,0.0,D_0__Bacteria; D_1__Actinobacteria; D_2__Actinobacteria; D_3__Micrococcales; D_4__Microbacteriaceae
